413,Argeter Alphornbläser  - Impressum,https://www.arget-alphorn.info/Kontakt/Impressum
414,Argeter Alphornbläser  - Kontakt,https://www.arget-alphorn.info/Kontakt
415,"Kontakt Alphornbläser Schwarze Berge, Alphornspieler, Alphornmusik, Alphorn, Alphornensemble, Alphorngruppe, Rhön, Unterfranken",https://www.alphornblaeser-schwarze-berge.de/kontakt/
416,Kontakt - Alphornbläser Fischbachau,https://www.alphornblaeser-fischbachau.de/kontakt/
417,Alphornbläser | jungfrau.ch,https://www.jungfrau.ch/de-ch/schynige-platte/alphornblaeser/
418,Der Alphornbläser - Unser Impressum - Vom Gesetz verlangt,https://www.alphorn-blaeser.ch/impressum_alphornblaeser.htm
419,Trachtenverein D'lpler - Alphornblser,http://www.aelpler.de/Gruppen/Alphornblaser/alphornblaser.html
420,Mutzbacher Alphornbläser - Weihnachtsmarkt am Kölner Dom,http://www.koelnerweihnachtsmarkt.com/de/events/mutzbacher-alphornblaeser/
421,Alphornbläser - Impressum und Datenschutz,http://alphornblaeser.ch/impressum
422,Alphornbläser: Blasmusikverband Baden-Württemberg,https://www.bvbw-online.de/der-bvbw/alphornblaeser/
423,Ammertaler Alphornbläser – Traditionelle Musik aus Diessen am Ammersee,https://www.ammertaler-alphornblaeser.de/
424,Rieden: Alphornbläser,https://www.rieden.de/Alphornblaeser.13148.0.html
425,Die Baarer Alphornblser,http://www.baarer-alphornblaeser.de/
426,Die Alphornbläser der Musikkapelle Mittelberg-Faistenoy e.V.,https://www.mk-mittelberg-faistenoy.de/alphornblaeser.html
427,Berthold Schick und seine Alphornbläser,http://www.die-alphornblaeser.de/
428,Musikkapelle Alpengruß Buching: Alphornbläser,https://www.musikkapelle-buching.de/alphornblaeser.html
429,Rieder Alphornbläser - Musik für den besonderen Anlass!,http://rieder-alphornblaeser.de/
430, Bürglen - Alphornbläser- und Fahnenschwingervereinigung Uri ,https://www.buerglen.ch/vereinsliste/56492
431,Kontaktformular - Niederbayerische Alphornbläser,https://www.niederbayrische-alphornblaeser.de/kontakt/
432,Lechbruck: Alphornbläser,https://www.auerbergland.de/799.0.html
433,Willkommen,https://www.zuger-alphorn.ch/
434,"Alphornbläser buchen | Üri, Schwyz & Underröck",https://uri-schwyz-und-underroeck.ch/alphornblaeser-buchen/
435,Kontakt - Wollenbachtaler Alphornbläser,http://www.wollenbachtaler.de/kontakt.html
436,Alphornbläser im Haus Michael – News – Mission Leben,https://www.mission-leben.de/mission-leben-darmstadt/news/detail/news/detail/News/alphornblaeser-im-haus-michael/
437,Alphornblser im Berchtesgadener Land - Aktuelles  ,https://www.bischofswiesen.de/berchtesgadenerland-aktuelles/musikalische-hogoascht-bischofswiesen.htm
438,Alphorn - Trachtenkapelle Riezlern e.V.,https://www.trachtenkapelle-riezlern.at/alphorn.html
439,Schlechinger Alphornbläser - Musikverein Schleching e.V.,http://www.musikverein-schleching.de/schlechinger-alphornblaeser.html
440,Alphornbläser Aichtal -,https://www.alphornblaeser-aichtal.de/
441,Bernbachtaler Alphornbläser,http://www.bernbachtaler.de/
442,Jagd-und Alphornbläser Loccum - Home,https://www.jagd-und-alphornblaeser-loccum.de/
443,Tösstaler Alphornbläser,http://www.alphorn-toesstal.ch/kontakt.html
444,Gemeinde Unterbäch - Alphornbläser,http://gemeinde.unterbaech.ch/wohnen/sozialleben/vereine/alphornblaeser.php
445,Musikkapelle Willofs - Alphornbläser,https://www.obermindeltaler-musikanten.de/verein/alphornbl%C3%A4ser/
446,Trachtenverein G.T.E.V. »Koppachtaler« Altusried e.V. - Alphornbläser,https://trachtenverein-altusried.de/eisre-gruppa/alphornbl%C3%A4ser.html
447,Alphornbläser-Treffen,https://www.vorarlberg-alpenregion.at/de/brand/events/alphornblaeser-treffen.html
448,Veranstaltung an der Seiser Alm - Alphornbläser bei der Almrosenhütte,https://www.seiseralm.it/de/events/rid-eded0d94de5948b093289f62f2dbefd7-alphornblaeser-bei-der-almrosenhuette.html
449,Alphornbläser Dinkelsbühl | Impressum,http://alphornblaeser-dinkelsbuehl.de/impressum
450,,https://www.unterpleichfeld.de/wordpress/?page_id=4964,ERROR:HTTP Error 404: Not Found
451,Engelberger Alphornbläser: Auftritt in Santo Domingo,https://www.luzernerzeitung.ch/zentralschweiz/obwalden/engelberger-alphornblaeser-bringen-ein-stueck-heimat-auf-die-insel-ld.1140026
452,Kontakt Alphornbläser vom Tannenberg - Alphornbläser vom  Tannenberg,https://www.alphorn-tannenberg.ch/kontakt/
453,Alphornbläser Niederdorf - Musik im Allgäu,https://www.allgaeu.de/a-alphornblaeser-niederdorf
454,Waliboer Alphornblser - Kontakt,http://www.waliboer-alphornblaeser.de/kontakt.htm
455,Alphornbläser,http://www.jagd-auerbach.de/alphornblaeser-01.html
456,    Internationales Festival der Alphornbläser | Wallis Schweiz,https://www.valais.ch/de/events/veranstaltungen/top-events/internationales-festival-der-alphornblaser
457,Alphornbläser Schöllang,https://www.oberstdorf.de/partner/alphornblaeser-schoellang.html
458,Alphornblser Wallersdorf - Impressum,https://alphorn-wallersdorf.lima-city.de/impressum.html
459,Brandner Alphornbläser: Kontakt,https://alphorn.tkbrand.at/kontakt/
460,gnztaler alphornblser,http://www.guenztaler-alphornblaeser.de/
461,Bernard Perren: Alphornbläser - Matterhorn Blog,https://blog.zermatt.ch/perren-bernard-ein-leben-als-alphornblaser/
462,Alphornbläser,http://www.w-jv.ch/content/alphornblaeser/
463,Alphornbläser-Treffen in Wengen (Weitnau) - Allgäuer Zeitung - Aktuelle Nachrichten aus dem Allgäu und Bayern - Allgäuer Zeitung,https://www.allgaeuer-zeitung.de/alphornbl%C3%A4ser-treffen-in-wengen-weitnau_mediagalid-1550
464,Alphornbläser | Triberger Weihnachtszauber,https://triberger-weihnachtszauber.de/die-alphornblaeser/
465, Stadt Zug - Zuger Alphornbläser Vereinigung ,https://www.stadtzug.ch/vereinsliste/1394
466,Rätikon Alphornbläser,http://www.raetikon-alphornblaeser.at/
467,300 Alphornbläser musizieren bei Treffen im Allgäu - Nesselwang,https://www.pnp.de/nachrichten/bayern/300-Alphornblaeser-musizieren-bei-Treffen-im-Allgaeu-2199265.html
468,Kontakt | Roruper Alphornensemble Dülmen,http://xn--alphornblser-dlmen-ttb99b.de/?page_id=135
469,Alphornbläser | ,https://mv-ruderatshofen.de/alphornblaeser/
470,  - Alphonbläser Schönwald,https://www.alphorn-schoenwald.de/
471,Lechbruck: Alphornbläser,https://auerbergland-datenpool.de/?id=799
472,Die Moseltaler Alphornbläser,https://www.die-moseltaler-alphornblaeser.de/
473,Mutzbacher Alphornbläser - Die Kölner,http://mutzbacher-alphornblaeser.de/
474,"Happy Bavarians - IMPRESSUM der Oktoberfestband / bayrischen Band mit Schuhplattler, Kuhglockenkönigin, Alphornbläser und Goasslschnalzer",https://www.happy-bavarians.de/pages/de/impressum.php
475,Alphornbläser auf Dach verzückt Wien,https://www.xn--sterreich-z7a.at/wien/wien-chronik/alphornblaeser-auf-dach-verzueckt-wien/423839160
476,"Alphornbläser | Trachtenverein ""D' Syrgensteiner"" Eglofs e.V.",http://www.trachtenverein-eglofs.de/ueber-uns/alphornblaeser/alphornblaeser.html
477,,https://www.illertaler-alphornblaeser.de/
478,Alphornzürich – Alphornbläser der Stadt Zürich,https://alphornzuerich.ch/
479, Tafers - Alphornbläser ,https://www.tafers.ch/vereinsliste/23236
480,Alphornbläser-Vereinigung Luzern - Kontakt,https://www.alphorn-luzern.ch/clubdesk/www?p=100220
481,Baarer Alphornbläser e.V. - Volksmusik im Wittelsbacher und Dachauer Land,http://www.volksmusikprojekt.de/musikalische-landschaft/13-musikalische-landschaft/446-baarer-alphornblaeser
482,Home,http://www.alphorn-mv.de/
483,Linzer Alphornbläser: Impressum,http://linzeralphornblaeser.blogspot.com/p/mpressum.html
484,Die Alphornblser von Nendaz,https://www.nendaz.ch/de/fppoi-die-alphornblaser-von-nendaz-42102.html
485,Impressum,https://alphorn-zugspitze.de/mobile/smartphone/impressum.html
486,Alphornbläser - Mountain Entertainment - Eventagentur in Berchtesgaden,https://www.its-me.eu/index.php/emotion/alphorn.html
487,"Kontakt Bergbahnen Ammergau, Bayern: Adressen und Telefonnummern",https://www.hoernlebahn.de/kontakt
488,Bischofswiesener Alphornblser,https://www.hotel-hundsreitlehen-berchtesgaden.de/bischofswiesener-alphornblaeser.htm
489, Gaiserwald - Alphornbläser vom Tannenberg ,https://www.gaiserwald.ch/vereinsliste/23919
490,Alphornbläser - Oetz - RiS-Kommunal - Startseite - Unser Oetz - Fotogalerie,http://www.oetz.tirol.gv.at/Alphornblaeser
491,Rottumtaler Alphornbläser: Stadt Ochsenhausen,https://www.ochsenhausen.de/leben-wohnen/vereine?tx_hwvereinsliste_hwvereinsplugin%5Baction%5D=show&tx_hwvereinsliste_hwvereinsplugin%5Bcontroller%5D=Verein&tx_hwvereinsliste_hwvereinsplugin%5Bverein%5D=126&cHash=19db32b481a4fde6528fca15c34cc483
492,"Die ""Lecher Alphornbläser"" - Trachtenkapelle Lech - mehr geht nicht!",https://www.trachtenkapelle-lech.com/trachtenkapelle-lech/kleine-besetzungen/lecher-alphornbl%C3%A4ser/
493,"Impressum - Thomas Lindt - Blasorchester Dirigent, Posaunist, Euphonium- und Alphornbläser, Instrumentallehrer",https://www.thomaslindt.net/about/
494,Plattlinger Alphornbläser,http://www.guenter-apfelbeck.de/ahb/
495,Einladung zum Konzert - Jodelduett und Alphornbläser – Kindertagesstätte Haslital,https://www.kita-haslital.ch/veranstaltungen1/2018/einladung-zum-konzert-jodelduett-und-alphornblaeser/
496,Restaurant Jägerhaus 73540 Heubach - Hochberg-Alphornbläser...,https://www.xn--jgerhaus-heubach-vnb.de/hochberg-alphornbl%C3%A4ser/
497,MVGR - Alphornbläser,https://bergknappenkapelle.at/ueber-uns/gruppen/alphorn.php
498,Kontakt,http://heuchelberger-alphornblaeser.de/?view=category&id=85&layout=
499,Verwaltungsgemeinschaft Argental - Alphornbläser  Maierhöfen,https://www.vg-argental.de/m/verzeichnis/visitenkarte.php?mandat=179086&browser=1
500,Abendklänge der Reit im Winkler Alphornbläser - Highlights - Veranstaltungen - Informieren - Reit im Winkl - Urlaub und Ferien in Bayern (Chiemgau),https://www.reitimwinkl.de/sommerurlaub/abendklaenge-der-alphornblaeser
501,Alphornbläser,http://www.dickenschied.de/vereine/alphornblaeser
502,Der Klang der Alpen im Seinsheimer Weinberg,"https://www.mainpost.de/regional/kitzingen/Der-Klang-der-Alpen-im-Seinsheimer-Weinberg;art773,9654666"
503,Gemeinde Daiting - Usseltaler Alphornbläser,http://www.daiting.eu/news/1/330940/nachrichten/usseltaler-alphornbl%C3%A4ser.html
504,Alphornbläser und Fahnenschwinger-Vereinigung Uri,http://www.urnerfahne.ch/
505,Alphornbläser Steinsbergblick. - Website Musikverein Steinsfurt,https://www.musikverein-steinsfurt.de/alphornbl%C3%A4ser-steinsbergblick/
506, - Home,http://www.aulendorfer-alphornblaeser.de/
507,Bodensee-Alphorntrio,https://www.der-alphornblaeser.de/
508,Alphornblser - Englisch-bersetzung – Linguee Wrterbuch,https://www.linguee.de/deutsch-englisch/uebersetzung/alphornbl%C3%A4ser.html
509,Luirlinge - Die Spatzen aus dem Sauerland,http://www.luirlinge.de/
510,Hofer Alpl: Alphornbläser mit Stimmungsmusik - Gemeinde Völs am Schlern - Home,https://www.gemeinde.voels.bz.it/system/web/veranstaltung.aspx?menuonr=219512391&sprache=1&detailonr=225157295-561
511,Gemeinde Völs am Schlern - Home,https://www.comune.fie.bz.it/system/web/digitalmaps.aspx?typ=0&duration=1114&detailonr=225057725-699&obj=VERANSTALTUNG&menuonr=219512479
512,Alphornbläser Tegernsee | Wendlsteiner Musikanten,https://wendlsteiner.de/tegernsee-alphorn/
513,Alphornbläser Jungholz | Tannheimer Tal Tourismus,https://www.tannheimertal.com/tannheimer-tal/veranstaltungen/highlights/alphornblaeser-jungholz/
514,Impressum,http://www.alphornblaeser-oy.de/html/impressum.html
515,Ostdorfer Alphornbläser: Es schallte ganz gewaltig,https://www.zak.de/Nachrichten/Ostdorfer-Alphornblaeser-Es-schallte-ganz-gewaltig-135732.html
516,Höflehner | Aktuelles & News,https://www.hoeflehner.com/Kontakt-Infos/Aktuelles-News/News-Archiv/Waldenbucher-Alphornblaeser-zu-Gast-auf-der-Stangl-Alm
517,,https://www.amical-vs.ch/page.php?page=contact&language=de,ERROR:HTTP Error 426: 
518,HOME - Astberger Alphornblaeser ,https://www.astberger.at/
519,Alphornbläser auf Dach verzückt Wien | GLONAABOT,https://www.glonaabot.at/einschlagige-artikel/alphornblaser-auf-dach-verzuckt-wien
520,Derendinger Alphornbläser Impressum,http://www.derendinger-alphornblaeser.de/impressum.html
521,Probentag Alphornbläser mit Abschlussserenade um 14.00 Uhr,https://www.fichtenberg.de/freizeit-tourismus/veranstaltungskalender?tx_hwveranstaltung_hwveranstalt%5Baction%5D=show&tx_hwveranstaltung_hwveranstalt%5Bcontroller%5D=VeranstaltungFrontend&tx_hwveranstaltung_hwveranstalt%5Bid%5D=248&tx_hwveranstaltung_hwveranstalt%5BlistAction%5D=list&tx_hwveranstaltung_hwveranstalt%5Btid%5D=455&cHash=6bcd1a470794421dd38f7e3acd880d5b
522,Alphornbläser | Figuren-Set | NOCH ,https://www.noch.de/de/alphornblaser-15579.html
523,Achern / Oberkirch Diese Botschaft hat das Musikvideo der Windecker Alphornbläser Nachrichten der Ortenau - Offenburger Tageblatt,https://m.bo.de/lokales/achern-oberkirch/das-haben-sich-die-windecker-alphornblaeser-einfallen-lassen
524,Alphornbläser: Trachtenverein Marquartstein-Piesenhausen,https://www.trachtenverein-marquartstein.de/index.php?id=37
525,Wallersdorfer Alphornblser,http://www.dr-hiergeist.de/
526,,https://www.xn--alphornblser-schambachtal-tec.de/
527,Gruppen - Alphorn Academy of Switzerland,https://alphorn-academy.ch/de/gruppen/
528,Home - Biebesheimer Alphornblaeser,http://www.xn--biebesheimer-alphornblser-6ec.de/
529,,http://www.xn--alphornblser-zo-8kb.ch/Kontakt.htm,ERROR:HTTP Error 404: Not Found
530,Zuger Alphornbläser Vereinigung – Zug Kultur,https://www.zugkultur.ch/hxeqNu/zuger-alphornblaeser-vereinigung-zug
531,Musik auf dem Schferhof,https://www.volksstimme.de/lokal/halberstadt/blaesertreffen-musik-auf-dem-schaeferhof
532,Stadt Haag in Niederösterreich - Startseite - Unser Haag - Gemeindeleben - Brauchtum - Gruppen,https://www.stadthaag.at/Alphornblaeser
533,"Wilfried Bangert, News",http://www.die-hessentaler.de/Homepage/edit/news.html
534,Samerberger Alphornbläser,http://www.neisamer.de/alphornblaeser.html
535,Alphornbläser - Thema auf meinbezirk.at,https://www.meinbezirk.at/tag/alphornbl%C3%A4ser
536,Alphornblasen,https://www.wertach.de/kultur-genuss/brauchtum/alphornblasen.html
537,Impressum,http://www.alphorn-memhoelz.de/impressum.htm
538,,https://www.engadin.ch/de/events/abschlusskonzert-kurswoche-fortgeschrittene-alphorn/,ERROR:HTTP Error 404: Not Found
539,"""D´Waldbergler"" Roßhaupten: Roßhauptener Alphornbläser",https://www.oberer-lechgau.de/rosshaupten/der-verein/rosshauptener-alphornblaeser.html
540,KONTAKT- Flinataler Alphornbläser aus Flein,https://www.flinataler-alphornblaeser.eu/Kontakt
541,Detailansicht,https://www.unterthingau.de/gemeinde/aktuelles-veranstaltungen/veranstaltungen/detailansicht/artikel/25-jahre-oberthingauer-alphornblaeser/?kontrast=&cHash=9dee74f1c212359917f01786612eef8d
542,Schleching,https://www.schleching.de/de/poi/junge-schlechinger-alphornblaeser-37120
543,Wertachtaler Alphornbläser Kaufbeuren,http://wertachtaler-alphornblaeser.xn--blcktach-o4a.de/
544,Alphornserenade mit den Sulzberger Alpho ... - Allgäuer Seenland,https://www.allgaeuerseenland.de/veranstaltungen/veranstaltungskalender/detail/vaentry/Calendar//alphornserenade-mit-den-sulzberger-alphornblaeser-auf-dem-oeschlesee-2/
545,"Alphornbläserinnen, Alphornbläser und Fahnenschwinger auf dem Männlichen - Männlichen - Berner Oberland",https://www.maennlichen.ch/de/sommer/erleben/alphorntreffen.html
546,"Andrea und Lorenz Schwarz – ""Ich war nicht immer Alphornbläser…""",http://www.lorenzschwarz.ch/
547,Kochel - Vereine in Kochel am See,"http://www.kochel.de/index.php?id=0,408&lShowAll=1&literal=R"
548,Die Alphornbläser von Neuenkleusheim - WOLL-Magazin Sauerland,https://woll-magazin.de/2016/05/15/die-alphornblaeser-von-neuenkleusheim/
549,"Flinataler-Alphornbläser, Alphornbläser aus Flein - Impressum",http://flinataler-alphornblaeser.homepage.t-online.de/Impressum/mobile/
550,Unterländer Alphornbläser – Ralf Denninger,http://ralfdenninger.eu/unterlaender-alphornblaeser/
551,Stadt Memmingen: Günztaler Alphornbläser musizieren vor dem Rathaus,https://www.memmingen.de/aktuell-presse/nachrichten-und-termine/pressemeldungen/singlenews-presse/news/detail/News/guenztaler-alphornblaeser-musizieren-vor-dem-rathaus.html
552,"Alphornbläser in Hannover, Niedersachsen | eventpeppers",https://www.eventpeppers.com/de/browse/solomusiker/alphornblaeser/ort/deutschland/niedersachsen/hannover
553,Alphornbläser Treffen im Hündle Gebiet - Hündle & Imberg Bergbahnen,https://www.huendle-imberg.de/events/alphornblaeser-treffen-im-huendle-gebiet/
554,Beuerberger Alphornblser-Kontakt,http://www.beuerberger-alphornblaeser.de/kontakt.htm
555,Raggal - RiS-Kommunal - Startseite - Dorfleben - Fotogalerie,https://www.raggal.at/Alphornblaeser_des_Musikvereins_1
556,Bayerische Repräsentanz Quebec: Auftritt der Kaltentaler Alphornbläser beim Deutschen Weihnachtsmarkt in Québec Stadt,http://www.bayern.ca/quebec/newsEvents/news/2018-11-30-alp_horn_players_performance_at_german_christmas_market_in_quebec_city.php.de
557,"Alphorn-Trio ""Wister Berg""",http://www.alphorn-online.de/
558,Tegernseer Alphornbläser VARIOUS auf CD online kaufen | SATURN,https://www.saturn.de/de/product/_various-tegernseer-alphornbl%C3%A4ser-volkst%C3%BCmliche-musik-cd-9496462.html
559,Alphornbläser Archive - MiemingerAlmen,https://www.miemingeralmen.tirol/tag/alphornblaeser/
560,Wochenspiegel Thringen | Alphornblser trafen sich zu Ihrem 11. Treffen in Schwarzhausen bei Eisenach,"https://www.wochenspiegel-thueringen.de/bpws/nachrichten/sonneberg/art280398,5735170"
561,Die Niederrheinischen Alphornbläser proben jede Woche im Pfarrzentrum in Willich.,https://www.wz.de/nrw/kreis-viersen/willich-und-toenisvorst/die-niederrheinischen-alphornblaeser-proben-jede-woche-im-pfarrzentrum-in-willich_aid-38394563
562,"Musik am Horn - ""Alphorn und Musik"" mit den Hindelanger Alphornbläser und der Stammtisch Museg ",http://www.badhindelang.de/gut-zu-wissen/veranstaltungen/veranstaltungskalender/musik-am-horn-alphorn-und-musik-mit-den-hindelanger-alphornblaeser-und-der-stammtisch-museg-2803.html
563,Westschweizer Alphornbläser Vereinigung,https://www.arcda-ary.ch/de/
564,Hünsborner Alphornbläser – Hützemert | Aktuelles aus unserem Ort,https://www.huetzemert.de/themen/huensborner-alphornblaeser/
565,Alphornbläser Noldi . Spielwaren | Orell Füssli,https://www.orellfuessli.ch/shop/home/artikeldetails/ID38707713.html
566,"Wildenspring: ""Wir blasen Corona weg"" | inSdthringen.de","https://www.insuedthueringen.de/region/ilmenau/Wir-blasen-Corona-weg;art83439,7222992"
567,TSG Hörbranz - Alphornbläser,http://www.trachtengruppe.at/trachtengruppen/hoerbranz/page7.html
568,Partenkirchner Alphornblaeser - Impressum,http://www.partenkirchner-alphornblaeser.de/cms/pages/impressum.php
569,altonale | alphornbläser-teaser ,https://www.altonale.de/altonale/altonale-2/alphornblaeser-teaser/
570, - Alphornbläser,https://www.alphornkapelle.de/alphornbl%C3%A4ser/
571,Alphornbläser - Zentrum für aktives Alter Frohsinn AG,https://frohsinn-ag.ch/events/alphornblaeser/
572,Alphorngruppe & Alphornquartett von Nendaz | Festival international de cor des Alpes,https://www.nendazcordesalpes.ch/de/die-alphortgruppe-und-quartett-von-nendaz
573,Alphornbläser - Trachtenverein Feldwies,https://www.trachtenverein-feldwies.de/alphornblaeser/
574,Abendliche Alphornklänge,https://www.chiemsee-chiemgau.info/veranstaltungskalender/e-abendliche-alphornklaenge
575,40 Jahre Gasteiner Tanzlmusi und Alphornbläser,https://www.gastein.com/events/detail/event/40-jahre-gasteiner-tanzlmusi-und-alphornblaeser/
576,HOME - afk-2020s Webseite!,https://www.alphorn-kuessnacht.ch/
577,Kirnachtaler Alphornbläser Ruderatshofen,http://www.bidingen.de/ruderatshofen/vereinsverzeichnis/vereine/Kirnachtaler-Alphornblaeser-Ruderatshofen.php
578,Alphornbläser Schwarze Berge (@alphornblaeser_schwarze_berge) • Instagram photos and videos,https://www.instagram.com/alphornblaeser_schwarze_berge/?utm_source=ig_embed&utm_campaign=loading
579,Radio SRF 1 - Was macht eigentlich der «Swiss Lady»-Alphornbläser Mostafa? - Radio SRF 1 - SRF,https://www.srf.ch/radio-srf-1/radio-srf-1/was-macht-eigentlich-der-swiss-lady-alphornblaeser-mostafa
580,Junge Alphornbläser und Fahnenschwinger üben | St.Galler Tagblatt,"https://www.tagblatt.ch/ostschweiz/stgallen/rorschach/Junge-Alphornblaeser-und-Fahnenschwinger-ueben;art2889,2572096?mobileVersion=no"
581,Alphornbläser Heiterwang,http://www.mk-heiterwang.at/index.php?option=com_content&view=article&id=56&Itemid=57
582,Engelskirchen: Samba-Rhythmen und Alphornbläser: Feiern und helfen beim Sommerfest der Lichtbrücke | rheinische-anzeigenblaetter.de,https://www.rheinische-anzeigenblaetter.de/mein-blatt/anzeigen-echo/engelskirchen/samba-rhythmen-und-alphornblaeser-feiern-und-helfen-beim-sommerfest-der-lichtbruecke-32626998
583,Lessach - Gemeinde Lessach - Vereinswesen in Lessach - Index,https://www.lessach.at/Lessacher_Alphornblaeser
584,Traditionsveranstaltung im Odenwald Großes Alphornbläser-Treffen in Mosbach | Mannheim | SWR Aktuell Baden-Württemberg | SWR Aktuell | SWR,https://www.swr.de/swraktuell/baden-wuerttemberg/mannheim/alphornblaeser-treffen-100.html
585,Gemeinde Wolkenstein in Gröden - Home,http://www.selva.eu/system/web/digitalmaps.aspx?typ=0&detailonr=225024904-699&obj=VERANSTALTUNG&menuonr=219901541
586,Alphornbläser - Vereine,"http://www.gemeinde-weggis.ch/xml_1/internet/de/file/modul/vereine/Vereine4.cfm?Language=DE&LanguageID=1&DomainID=1&bg=0&part=48FD8717-1372-532B-A503FD291C3A2730&AID=2,3&lbg=0,0&list=0&on=1&detail=1&rd=0&idx=0&userLG=DE&BID=462"
587,Alphorngruppe - Alpspitzler Trachtenverein Nesselwang,https://www.alpspitzler.de/alphorngruppe.html
588,Türnitz - 20 Jahre Himmelkreuz - noen.at,https://www.noen.at/lilienfeld/tuernitz-20-jahre-himmelkreuz-tuernitz-himmelkreuz-himmelbauern-himmelalm-lehenrotte-schwarzenbacher-alphornblaeser-169152954
589,,https://www.gemeinde.kastelruth.bz.it/de/Die_Alphornblaeser_Deutschnofen,ERROR:HTTP Error 404: Not Found
590,Alphörner – Musikkapelle Frankenhofen,https://www.musikkapelle-frankenhofen.de/alphoerner/
591,Alphornbläser-Vereinigung Luzern in Luzern - Lookon.ch,https://lookon.ch/listing/company/informationen/647180/alphornblaser-vereinigung-luzern
592,Verein: Allgäu-Schwäbischer-Musikbund,https://www.asm-online.de/daten/verein/?tx_abavodvo_pi1[id]=5988
593,Rätikon Alphornbläser | Enzianhof Silbertal,https://enzianhof.net/zufriedenheit/alphorn
594,"Frammersbacher Alphornbläser - Eventagentur NewStyle in Dessau, Sachsen-Anhalt",https://www.agentur-new-style.de/kuenstler-aktionen/item/frammersbacher-alphornblaeser-2
595,GRÖSSTES ALPHORN-ORCHESTER | REKORD-INSTITUT für DEUTSCHLAND,https://rekord-institut.org/groesstes-alphorn-orchester/
596,"Musikverein ""Harmonie"" Trauchgau: Alphornbläser",http://jg.t3.ccmmss.de/?id=23
597,,"https://www.haslach.de/,Lde/startseite/Leben+in+Haslach/Der+Startschuss+der+Promenadenkonzert+2016+geben+die+Muehlenbacher+Alphornblaeser+am+06_+Mai_.html",ERROR:HTTP Error 404: 404
598,Die Alphornblser von Nendaz,http://televerbier.ch/de/fppoi-die-alphornblaser-von-nendaz-42102.html
599,Musikverein Frohsinn Lindenberg - Termine der Alphornbläser,http://www.musikverein-lindenberg.de/seite/16392/termine.html
600,Gemeinde Lajen - Home,https://www.lajen.eu/system/web/veranstaltung.aspx?typ=0&duration=1110&detailonr=225156409-699&menuonr=219549577
601,"21NineFilms - Film, Aerial und Fotografie - Unterländer Alphornbläser",https://21ninefilms.de/unterlander-alphornblaser
602,Mehr Geld für Alphornbläser! | NZZ,https://www.nzz.ch/mehr_geld_fuer_alphornblaeser-1.2875747
603,Alphornbläser Spur N 1/160 inkl. Soundmodul - microlife - Ihr Spezialist für Exklusive Spur N Modelle,https://www.microlife-online.com/Alphornblaeser-Spur-N-1/160-inkl-Soundmodul
604,Alphornbläser im Hof,https://weinguthoffmann.de/index.php?id=39&tx_ttnews%5Btt_news%5D=6&cHash=204dbd5ae9216e93134e1bf29e552a7a
605,Montafoner Alphornfreunde am Kristberg | Kristberg,https://www.montafon.at/kristberg/de/preise-service/gruppenangebote/Montafoner-Alphornfreunde-am-Kristberg_video_21996
606,Freiluft-Konzerte über Esslingen: Mit dem Alphorn gegen die Distanz - Esslingen - Stuttgarter Nachrichten,https://www.stuttgarter-nachrichten.de/inhalt.freiluft-konzerte-ueber-esslingen-mit-dem-alphorn-gegen-die-distanz.05f6eba8-6baa-4e92-917b-0c27c33dc61d.html
607,Alphornbläser als Volksmusik & Stimmungsmusik - eventbranchenverzeichnis.de,https://www.eventbranchenverzeichnis.de/verzeichnis/unterhaltungskuenstler_kuenstler-fuer-events-1/musiker-bands-1782/volksmusik-1821/alphornblaeser-1823
608,Alphornbläser auf Dach verzückt Wien,https://www.oe24.at/oesterreich/chronik/wien/Alphornblaeser-auf-Dach-verzueckt-Wien/423839160
609,,https://www.telem1.ch/aktuell/alphornklaenge-zur-aufmunterung-alphornblaeser-spielen-fuer-isolierte-137718242,ERROR:'NoneType' object has no attribute 'text'
610,Hallo Günzburg – Tandem-Tour und Burgauer Alphornbläser | a.tv,https://www.augsburg.tv/mediathek/video/hallo-guenzburg-tandem-tour-und-burgauer-alphornblaeser/
611,Bezirksgemeinschaft Salten - Schlern - Home,https://www.bzgsaltenschlern.it/system/web/veranstaltung.aspx?typ=0&detailonr=225024904-699&menuonr=224961704
612,Der Alphornbläser in der Münchner Dankeskirche - YouTube,https://www.youtube.com/watch?v=YLPnllYUZq8
613,Herzgschichtn | Musikfestival 2016 Kitzbühel - Die Alphornbläser - YouTube,https://www.youtube.com/watch?v=KLwzOLb9w3w
614,Alphoerner auf Plattenbau – Soundcheck über Prohlis (Video) | SACHSEN FERNSEHEN,https://www.sachsen-fernsehen.de/mediathek/video/alphoerner-auf-plattenbau-soundcheck-ueber-prohlis-video-2/
615,,https://in-gl.de/2020/05/24/corona-fall-in-foerderschule-offenbar-ohne-folgen/,ERROR:Remote end closed connection without response
616,Rüeblimärt in Aarau mit Alphornbläser - Video - Aargauer Zeitung,https://www.aargauerzeitung.ch/mediathek/videos/1_0rcae299
617,Ferienregion Interlaken | interlaken.ch,https://www.interlaken.ch/
618,Langenstadt: Corona-Snger lassen aufhorchen | Frankenpost,"https://www.frankenpost.de/region/kulmbach/Corona-Saenger-lassen-aufhorchen;art83417,7244148"
619,Alphorn Berlin – Alphorn.Berlin,https://alphorn.berlin/
620,Alphornbläser,http://www.jvz.ch/alphornblaeser/intro.php
621,Erbendorf | Onetz,https://www.onetz.de/oberpfalz/erbendorf
622,Thaler Htte mit Hot Pot Inntal | Berghtte fr 1 - 4 Pers. mieten,https://www.huettenland.com/huette.php?objektID=589
623,"Hocks, Feste und Freizeittipps in Freiburg und der Region - Badische Zeitung TICKET",http://bz-ticket.de/hocks-feste?t=2017-02-21
624,Prominente und ihre Ferienziele - Blick,https://www.blick.ch/people-tv/schweiz/prominente-und-ihre-ferienziele-unsere-ferien-tipps-id15901776.html
625,Alphornbläsertreffen am Lünersee,https://www.luenersee.at/de/Preise-Service/Alphornblaesertreffen
626, Alphornhof Wagner Willkommen  Oberstaufen/ Allgäu,https://www.alphornhof-wagner.de/
627,Alphorngruppe Rotbachtal - Home,https://www.alphorngruppe-rotbachtal.de/
628,alphorn-center - Kontakt/Links,http://www.alphorn-center.de/kontakt.html
629,Kontakt,http://www.holdersberger.de/html/kontakt.html
630,Radstadt - Homepage - Startseite,https://www.radstadt.at/
