741,Robot Check,https://www.amazon.com/Ansamblul-Folcloric-%C8%9Aara-Vrancei-Rom%C3%A2nia/dp/B06XPLZW15
742,Robot Check,https://www.amazon.com/Hora-De-La-Dumbr%C4%83veni/dp/B06XR8PGF8
743,,https://www.dnb.com/business-directory/company-profiles.ansamblul_folcloric_floarea_barcaului_srl.ecf44d8710c00c5b0820ed37ccd9a971.html,ERROR:The read operation timed out
744,"Ansamblul Folcloric Tara Vrancei: Ansamblul Folcloric Țara Vrancei, România – Strimovanje muzike – Slušaj na Deezer-u",https://www.deezer.com/sr/album/15695690
745,Amazon.co.uk : Ansamblul Folcloric Romanesc,https://www.amazon.co.uk/Ansamblul-Folcloric-Romanesc-Digital-Music/s?k=Ansamblul+Folcloric+Romanesc&rh=n%3A77197031
746,"Audio Recording, Romanian, Folk Music, Ansamblul Folcloric ""tara Vrancei"" | Library of Congress",https://www.loc.gov/audio/?fa=language%3Aromanian%7Csubject%3Afolk+music%7Ccontributor%3Aansamblul+folcloric+%22tara+vrancei%22&all=true
747,"Audio Recording, Romanian, Folk Music, Library of Congress Online Catalog, Ansamblul Folcloric ""tara Vrancei"" | Library of Congress",https://www.loc.gov/audio/?all=true&fa=language:romanian%7Csubject:folk+music%7Cpartof:catalog%7Ccontributor:ansamblul+folcloric+%22tara+vrancei%22
748,"ANSAMBLUL FOLCLORIC LIOARA S.R.L. -  Fisc. Code 35420392 - Date firma, Contacte, Telefon",https://www.risco.ro/en/verifica-firma/ansamblul-folcloric-lioara-cui-35420392
749,"How to get to Ansamblul Folcloric ""Busuiocul"" in Bacau by Bus | Moovit",https://moovitapp.com/index/en/public_transit-Ansamblul_Folcloric_Busuiocul-Piatra_Neam%C8%9B-site_133333535-4503
750,,https://www.linkedin.com/pub/daiana-muntean/57/120/471,ERROR:HTTP Error 999: Request denied
751,Ansamblul folcloric Junii Sibiului Romania Tour Statistics | setlist.fm,https://www.setlist.fm/stats/ansamblul-folcloric-junii-sibiului-romania-3bd1bcac.html
752,"Ansamblul Folcloric ""Călușul"" Scornicești (All Versions) For Sale at Discogs Marketplace",https://www.discogs.com/sell/list?artist_id=4168735&ev=ab
753,Ansamblul Sugalete (Bistrita) - 2020 All You Need to Know BEFORE You Go (with Photos) - Tripadvisor,https://www.tripadvisor.com/Attraction_Review-g315904-d19081700-Reviews-Ansamblul_Sugalete-Bistrita_Bistrita_Nasaud_County_Northwest_Romania_Transylvani.html
754,Members of the Romanian folk group 'Ansamblul Folcloric - Somesul... News Photo - Getty Images,https://www.gettyimages.com/detail/news-photo/members-of-the-romanian-folk-group-ansamblul-folcloric-news-photo/837656252
755,Ansamblul National Folcloric - Kupindo.com (54580139),https://www.kupindo.com/Audio-diskovi/54580139_Ansamblul-National-Folcloric
756,Contact – Ansamblul Folcloric National Transivania,http://ansamblultransilvania.ro/contact/
757,"Ansamblul Folcloric \""Busuiocul\""",https://busuiocul.ro/
758,"    Ansamblul Folcloric ""Brâulețul"" by Ramona Branescu on Prezi",https://prezi.com/2kovwi4lr-4h/ansamblul-folcloric-brauletul/
759,"Ansamblul Folcloric Profesionist ""Cindrelul - Junii Sibiului""",http://www.juniisibiului.ro/
760,Ansamblul folcloric ”Doinita”,http://www.ccs.ro/index.php/ansamblul-folcloric-doinita1
761,Ansamblul Folcloric Ördögtérgye – Casa de Cultura a Studentilor Cluj-Napoca,http://ccscluj.ro/portfolio_page/ansamblul-folcloric-ordogtergye/?lang=en
762,Ansamblul Folcloric Profesionist Drăgan Muntean – Centrul de Cultură și Artă al județului Hunedoara,http://ccajhd.ro/190-2/
763,"ANSAMBLUL FOLCLORIC LIOARA SRL din Oradea Str. Episcop Roman Ciorogariu 23, CUI 35420392",https://www.listafirme.ro/ansamblul-folcloric-lioara-srl-35420392/
764,Ansamblul de dans popular „Speranţa” – ARTICO,http://artico.md/activitate/ansamblul-de-dans-popular-speranta/
765,,https://www.culturasalaj.ro/categoriiactivitati/6/Ansamblul-Folcloric-Mesesul.html,ERROR:HTTP Error 406: Not Acceptable
766,Ansamblul Folcloric Romanesc Songs Download: Ansamblul Folcloric Romanesc Hit MP3 New Songs Online Free on Gaana.com,https://gaana.com/artist/ansamblul-folcloric-romanesc
767,"Jugendtrachtenverein Banater Rosmarein Temeswar; Ansamblul folcloric german Timisoara. Kerweitracht aus Bakowa (With images) | Costumes, Flower girl dresses, Victorian dress",https://www.pinterest.com.au/pin/54043264254772380/
768,"Ansamblul folcloric ""Maria Tãnase"" - Instituții de cultură - Dolj",https://discoverdolj.ro/places/ansamblul-folcloric-maria-tanase-0-ceexw6hvqamw
769,Ansamblul Folcloric al Județului Alba - Centrul de Cultura Augustin Bena,https://www.culturaalba.ro/ansamblul-folcloric
770,Ansamblul Folcloric Brauletul Constanta -Suita Din Ardeal ( contact: 0727825915),http://www.ts-parfum.ru/video/sIOy8AGiFkw
771,ANSAMBLUL FOLCLORIC ROMANASUL-UTCN | IOV World,http://iov.world/groups/ansamblul-folcloric-romanasul-utcn
772,Ansamblul Folcloric TARA VRANCEI,http://ansamblultaravrancei.ro/
773,"Ansamblul ""Tinerețea"" | UTM",https://utm.md/subdiviziuni-universitare/alte-subdiviziuni/ansamblul-de-muzica-si-dans-popular-tineretea/
774,"Ansamblul Folcloric ""Floricică de la munte"" -",http://www.culturaneamt.ro/ansamblul-folcloric-floricica-de-la-munte/
775,Home,https://www.ansamblulmariatanase.ro/
776,Ansamblul Folcloric “Doina Carpaţilor” | Casa de cultura a studentilor din Iasi,http://www.ccsiasi.ro/?page_id=3097
777,"Ansamblul folcloric „Dorna Dorului” la Festivalul Lunii din Hangzhou, China | Ministry of Foreign Affairs",https://www.mae.ro/node/4901
778,Paraschiv Oprea Ansamblul Folcloric Junii Sibiului Reomanian Folk Nevofoon 15012  | eBay,https://www.ebay.com/itm/Paraschiv-Oprea-Ansamblul-Folcloric-Junii-Sibiului-Reomanian-Folk-Nevofoon-15012-/113771142856
779,"Free Driving Directions, Traffic Reports & GPS Navigation App by Waze",https://www.waze.com/en/livemap/directions/romania/judetul-sibiu/sibiu/ansamblul-folcloric-cindrelul-junii-sibiului?place=w.15794634.158208483.12149920
780,Members of the Romanian folk group 'Ansamblul Folcloric - Somesul... News Photo - Getty Images,https://www.gettyimages.ca/detail/news-photo/members-of-the-romanian-folk-group-ansamblul-folcloric-news-photo/837656180
781,Ansamblul folcloric Zestrea Branului on TIDAL,https://tidal.com/browse/artist/7025245
782,Dirty Shirt &amp; Ansamblul Folcloric National Transilvania on TIDAL,https://tidal.com/browse/artist/9357812
783,"Ansamblul Folcloric al Casei Tineretului Câmpina, printre grupurile invitate la Festivalul ”Music and Sea” din Albania - Campina TV",https://campinatv.ro/News/Article/3c85376a-0347-47a5-86fa-d388c51efb71_ansamblul-folcloric-al-casei-tineretului-campina-printre-grupurile-invitate-la-festivalul-music-and-sea-din-albania
784,"Consiliul Judeţean Maramureş - Ansamblul Folcloric Naţional ""Transilvania""",https://www.cjmaramures.ro/organizare/institutii-si-servicii-subordonate/ansamblul-folcloric-national-transilvania
785,Ansamblul Cununa Carpatilor | Tinerimea Romana Sites,http://tinerimearomana.ro/cununa-carpatilor/
786,"Ansamblul Folcloric ""Carpatica""-Torino -  Events | AllEvents.in",https://allevents.in/org/ansamblul-folcloric-carpatica-torino/16725341
787,Ansamblul Folcloric Lelesana – Comuna Lelese,http://comunalelese.ro/ansamblul-folcloric-lelesana/
788,Contact us – Ansamblul Folcloric Studentesc Martisorul,https://martisorul.ro/contact-us/
789,Ansamblul folcloric Oașul - Greta Zoicaș Berinde 2 Stock Photo: 171277872 - Alamy,https://www.alamy.com/stock-photo-ansamblul-folcloric-oaul-greta-zoica-berinde-2-171277872.html
790,Ansamblul folcloric Tara Vrancei - Miorita Lyrics | Musixmatch,https://www.musixmatch.com/lyrics/Ansamblul-folcloric-Tara-Vrancei/Miorita
791,Ansamblul Folcloric Tara Vrancei-CD - eMAG.ro,https://www.emag.ro/ansamblul-folcloric-tara-vrancei-cd-edc210/pd/EQ3X60BBM/
792,"Erdemir-Ro - Ansamblul Folcloric al Societatii Club pentru Muzica, Folclor, Tineret si Sport de la Erdemir a Fost la Erdemir Romania",http://www.erdemir.ro/corporativ/medya/basin-bultenleri/ansamblul-folcloric-al-societatii-club-pentru-muzica-folclor-tineret-si-sport-de-la-erdemir-a-fost-la-erdemir-romania/
793,"Listă persoane : Ansamblul Folcloric Profesionist ""Ţara Vrancei""",http://www.focsani.info/declaratii/persoane?id_institutie=13
794,Ansamblul Artistic „Ciocârlia” va susţine spectacolul folcloric „Mugur de cântec românesc” – MINISTERUL AFACERILOR INTERNE,https://www.mai.gov.ro/ansamblul-artistic-ciocarlia-va-sustine-spectacolul-folcloric-mugur-de-cantec-romanesc/
795,Casa de cultura a studentilor Sibiu - Formatii - Ardealul,http://www.casastudentilorsibiu.ro/ardealul.php
796,"        ANSAMBLUL FOLCLORIC BUSUIOCUL, BACAU - Tel.: 0234-523 ... >> Centre culturale            |        Pagini Aurii    ",https://www.paginiaurii.ro/companii/BAC%C4%82U/L4397046/ANSAMBLUL+FOLCLORIC+BUSUIOCUL/
797,Ansamblul Profesionist „Banatul“ - Centrul de Cultură și Artă al județului Timiș,https://ccajt.ro/ansamblul-profesionist-banatul/
798,Despre noi – Baladele Deltei Tulcea,https://baladeledelteitulcea.ro/despre-noi/
799,,https://shoppingcitytm.ro/vino-sa-canti-si-sa-dansezi-romaneste-alaturi-de-doina-timisului/,ERROR:<urlopen error _ssl.c:1091: The handshake operation timed out>
800,Acasă - Ansamblul Constantin Arvinte,https://ansamblul-cjiasi.ro/
801,Ansamblul Folcloric Profesionist Cindrelul-Junii Sibiului - Wikipedia,https://ro.wikipedia.org/wiki/Ansamblul_Folcloric_Profesionist_Cindrelul-Junii_Sibiului
802,coala Popular De Arte Tudor Jarda Cluj - ANSAMBLUL FOLCLORIC “VATR DE DOR”,https://www.scoaladearte.ro/20150324ansamblul-folcloric-vatra-de-dor.html
803,"Ansamblul folcloric pentru copii ""Lăstărașii"" :: Primăria Comunei Sărata Galbenă",http://saratagalbena.md/ro/page/cetateni-103-103/educatie-cultura-turism-si-sport/directia-cultura/ansamblul-folcloric-pentru-copii-lastarasii
804,Ansamblul folcloric Mugurelul,http://www.primaria-cernavoda.ro/machete/Macheta2.aspx?machetaID=2&paginaID=329&detaliuID=1021&lang=ro
805,,https://primariasacalaz.ro/?dl_id=21,ERROR:'NoneType' object has no attribute 'text'
806,dans folcloric - Translation into English - examples Romanian | Reverso Context,https://context.reverso.net/translation/romanian-english/dans+folcloric
807,"Ansamblul Folcloric “Floricica” – Site-ul oficial al Comunei Costești, județul Vâlcea",http://www.comuna-costesti.ro/galleries/ansamblul-folcloric-floricica/
808,Paraschiv Oprea Ansamblul Folcloric Junii Sibiului Reomanian Folk Nevo – Vinyl Richie Records,https://vinylrichierecords.com/products/paraschiv-oprea-ansamblul-folcloric-junii-sibiului-reomanian-folk-nevofoon-15012
809,Ansamblul Folcloric Profesionist „Izvoare dobrogene” – CCTB,https://cctb.ro/ansamblul-izvoare-dobrogene/
810,"Ansamblul Folcloric ""Plaiurile Mioritei""",http://www.centruldeculturasiarta.ro/ansamblul-plaiurile-mioritei
811,Ansamblul Folcloric Opincuta 25 ani - Hora de la sud - YouTube,https://www.youtube.com/watch?v=qfmMGQKezTg
812,EDIȚIA A XII-A – Înscrieri pentru Festivalul național concurs de muzică populară „Ion Petreuș” | Axa News Maramures,https://www.axanews.ro/mm/editia-a-xii-a-inscrieri-pentru-festivalul-national-concurs-de-muzica-populara-ion-petreus.html
813,Cântece şi dansuri populare vechi pe scena Căminului Cultural din Jilavele | Gura Ialomitei . com,https://www.guraialomitei.com/gura-ialomitei/cantece-si-dansuri-populare-vechi-pe-scena-caminului-cultural-din-jilavele/
814,Cultura – Primăria Municipiului Alexandria,https://www.alexandria.ro/alexandria/cultura/
815,,http://eb.progettomoses.it/maria-catering-mogosoaia.html,ERROR:'NoneType' object has no attribute 'text'
816,,http://jlmt.paolavocalsound.it/piatra-soimului-jud-neamt.html,ERROR:HTTP Error 404: Not Found
817,"Altfel de Ziua Copilului, la Sfântu Gheorghe",https://covasnamedia.ro/educatie-actualitate/altfel-de-ziua-copilului-la-sfantu-gheorghe
818,Sony xperia 1 ii pro,http://avaliefacil.com.br/udf6v/sony-xperia-1-ii-pro.html
819,„Sărbătoarea Sânzienelor“ la ediţia cu numărul 41 | Glasul Aradului,https://www.glsa.ro/sarbatoarea-sanzienelor-la-editia-cu-numarul-41/
820,Lupa – stiri si investigatii din Craiova. Anchete si dezvaluiri online din orasul Craiova si judetul Dolj,https://www.lupamea.ro/
821,www.ziaruldeiasi.ro - toate stirile cu cuvintele cheie: Sf. Constantin si Elena,https://www.ziaruldeiasi.ro/?page=stiri&tag=Sf.%20Constantin%20si%20Elena&n=3
822,Primăria Craiova și-a luat țeapă cu șomajul tehnic - GAZETA de SUD,https://www.gds.ro/Local/Dolj/2020-05-19/primaria-craiova-si-a-luat-teapa-cu-somajul-tehnic/
823,Projects & Construction V | SkyscraperCity,https://www.skyscrapercity.com/threads/projects-construction-v.602857/
824,Si5351 tcxo,http://api.dinar.tj/zu8/si5351-tcxo.html
825,File:Ansamblul folcloric Oașul (4).jpg - Wikimedia Commons,https://commons.wikimedia.org/wiki/File:Ansamblul_folcloric_Oa%C8%99ul_(4).jpg
826,Ziua de Cluj | Articole despre anul nou,https://zcj.ro/tag/anul+nou
827,"Riana şi Andra, două surori pasionate de muzică: „Nu există zi în care să nu fredonăm o melodie” (video)",https://renasterea.ro/riana-si-andra-doua-surori-pasionate-de-muzica-nu-exista-zi-in-care-sa-nu-fredonam-o-melodie-video/
828,TIMP LIBER | Calendarul săptămânii 3-9 iulie – Ziarul Mesagerul de Sibiu,https://www.mesageruldesibiu.ro/timp-liber-calendarul-saptamanii-3-9-iulie/
829,,http://launch.mindstuff.biz/dcox/rascruci-jud-cluj.html,ERROR:HTTP Error 503: Service Unavailable
830,ZiarMM - Stiri Actualizate Baia Mare Maramures,https://ziarmm.ro/
831,Portal de stiri al judetului Bacau - Bacau.NET,https://www.bacau.net/
832,,http://ccrj.lampedusasiamonoi.it/fintina-arteziana-arad.html,ERROR:HTTP Error 404: Not Found
833,B0111 toyota,http://estatespk.com/tac65x/b0111-toyota.html
834,Valeriu Ceban - talentatul și modestul compozitor al imnurilor municipiului și raionului Soroca - Observatorul de Nord,https://observatorul.md/cultura/2020/05/24/10432_valeriu-ceban-in-familia-noastra-fiecare-e-o-personalitate-si-ne-respectam-reciproc
835,Facebook jidvei,http://stag.managed.center/z4ytgjjz/facebook-jidvei.html
836,Rezultate promitatoare ale primului vaccin pentru COVID-19 testat in SUA,https://ziare.com/viata-sanatoasa/vaccin/rezultate-promitatoare-ale-primului-vaccin-pentru-covid-19-testat-in-sua-1611762
837,,https://www.rfi.ro/politica-92441-mostenire-obama,ERROR:The read operation timed out
838,Dirty Shirt & Ansamblul Folcloric National Transilvania – FolkCore DeTour (2018) » download mp3 and flac intmusic.net,https://intmusic.net/58047/dirty-shirt-ansamblul-folcloric-national-transilvania-folkcore-detour-2018
839,Cum te poate ajuta promovarea SEO - Ziarul de mures,https://www.ziaruldemures.ro/cum-te-poate-ajuta-promovarea-seo/
840,Schimbă o literă în nume și distruge o formație,https://cetin.ro/schimba-litera-nume-distruge-formatie/
841,"Local: Cinci dintre obiectivele Muzeului National al Bucovinei se redeschid incepand de marti » Monitorul de Suceava - Sâmbătă, 23 Mai 2020",https://www.monitorulsv.ro/Local/2020-05-23/Cinci-dintre-obiectivele-Muzeului-National-al-Bucovinei-se-redeschid-incepand-de-marti
842,Acasa,https://www.salapalatului.ro/
843,"Storia.ro - anunturi imobiliare pentru apartamente, case, terenuri",https://www.storia.ro/
844,Ziuadeazi.md,https://ziuadeazi.md/
