631,Ansamblul Sugalete (Bistrita) - 2020 All You Need to Know BEFORE You Go (with Photos) - Tripadvisor,https://www.tripadvisor.com/Attraction_Review-g315904-d19081700-Reviews-Ansamblul_Sugalete-Bistrita_Bistrita_Nasaud_County_Northwest_Romania_Transylvani.html
632,"Ansamblul Bisericii Sf. Ilie (Campulung, Romania): Address - Tripadvisor",https://www.tripadvisor.com/Attraction_Review-g3206460-d7108106-Reviews-Ansamblul_Bisericii_Sf_Ilie-Campulung_Arges_County_Southern_Romania.html
633,  Ansamblul Dionisos - YouTube,https://m.youtube.com/channel/UC4ftEqm6fWFaeAQMouSGlbA/videos?view=0&sort=dd&shelf_id=1
634,Ansamblul de dans popular „Speranţa” – ARTICO,http://artico.md/activitate/ansamblul-de-dans-popular-speranta/
635,Ansamblul Sfatului Popular al Capitalei | Discography | Discogs,https://www.discogs.com/artist/3376543-Ansamblul-Sfatului-Popular-al-Capitalei
636,"Ansamblul ""Tinerețea"" | UTM",https://utm.md/subdiviziuni-universitare/alte-subdiviziuni/ansamblul-de-muzica-si-dans-popular-tineretea/
637,Ansamblul Folcloric “Doina”,http://www.ccs.ro/index.php/ansamblul-folcloric-doina1
638,How to get to Ansamblul Rezidential Good Afternoon Residence in Balotesti by Bus | Moovit,https://moovitapp.com/index/en/public_transit-Ansamblul_Rezidential_Good_Afternoon_Residence-Bucure%C8%99ti-site_15593737-2960
639,Ansamblul de muzică şi dans popular „Nufărul” din Cahul aniversează 20 de ani de la fondare | Ministerul Culturii,http://old.mc.gov.md/ro/content/ansamblul-de-muzica-si-dans-popular-nufarul-din-cahul-aniverseaza-20-de-ani-de-la-fondare
640,"Ansamblul Folcloric \""Busuiocul\""",https://busuiocul.ro/
641,"Ansamblul Folcloric Profesionist ""Cindrelul - Junii Sibiului""",http://www.juniisibiului.ro/
642,,https://gc.linkedin.com/pub/vasile-man/85/346/a15?trk=pub-pbmap,ERROR:HTTP Error 999: Request denied
643,Robot Check,https://www.amazon.com/Maria-Se-Preumbl%C4%83/dp/B0727QZWFY
644,,http://www.szigligeti.ro/eloadasok/nagyvaradtancegyuttes/T%C3%A1nc%20az%20Ugaron%20/871?lang=ro,ERROR:HTTP Error 406: Not Acceptable
645,Despre noi - Háromszék Táncegyüttes,https://hte.ro/wp/bemutatkozo/?lang=ro
646,Folk Dance Ensemble - Translation into Romanian - examples English | Reverso Context,https://context.reverso.net/translation/english-romanian/Folk+Dance+Ensemble
647,"Ansamblul biserici catolice Sf. Iacob - Baratia (Campulung) - 2020 All You Need to Know Before You Go (with Photos) - Campulung, Romania | Tripadvisor",https://www.tripadvisor.com.sg/Attraction_Review-g3206460-d7106709-Reviews-Ansamblul_biserici_catolice_Sf_Iacob_Baratia-Campulung_Arges_County_Southern_Rom.html
648,"ANSAMBLUL MÂNDRII ROMÂNAȘI DIN SPANIA PROMOVEAZĂ DANSUL POPULAR, PORTUL ȘI CULTURA ROMÂNEASCĂ",https://www.gazetadespania.es/ansamblul-mandrii-romanasi-din-spania-promoveaza-dansul-popular-portul-si-cultura-romaneasca/
649,Ansamblul Folcloric “Doina Carpaţilor” | Casa de cultura a studentilor din Iasi,http://www.ccsiasi.ro/?page_id=3097
650,Ansamblul Profesionist „Banatul“ - Centrul de Cultură și Artă al județului Timiș,https://ccajt.ro/ansamblul-profesionist-banatul/
651,"Ansamblul folcloric ""Maria Tãnase"" - Instituții de cultură - Dolj",https://discoverdolj.ro/places/ansamblul-folcloric-maria-tanase-0-ceexw6hvqamw
652,About Us – KOHAR,https://koharconcert.com/about-us/
653,Ansamblul Folcloric National Transivania – Ansamblu de Stat profesionist,http://ansamblultransilvania.ro/
654,,https://ansamblulfurnicutaa.wordpress.com/poze/,ERROR:Remote end closed connection without response
655,Ansamblul Folcloric Profesionist Drăgan Muntean – Centrul de Cultură și Artă al județului Hunedoara,http://ccajhd.ro/190-2/
656,"Sprijin financiar pentru membrii Asociației, pentru realizarea coreografiilor noi - Asociația de Dansuri Populare a Maghiarilor din România",https://neptanc.ro/ro/sprijin-financiar-pentru-membrii-asociatiei-pentru-realizarea-coreografiilor-noi/
657,AER Alba Iulia office | Assembly of European Regions,https://aer.eu/secretariat/aer-alba-iulia-office/
658,"dansatori muzica populara,ansamblul folcloric naframa",https://dansuri-populare-romanesti.ro/ro/Ansamblul-Folcloric-Naframa-programe-folclorice-trupa-dansuri-nunta-ansamblu-dans-popular-bucuresti.html
659,Ansamblul folcloric - Liceul Teoretic Zimnicea,https://liceulzimnicea.ro/ansamblul-folcloric/
660,Despre noi,https://www.ansamblulmariatanase.ro/desprenoi.html
661,Concurs dansatori - dans popular - Teatrul Regina Maria,https://www.teatrulreginamaria.ro/en/arcadia-company/program/146-ro-ro/noutati/noutati-ansamblul-crisana/2347-concurs-dansatori-dans-popular
662,Ansamblul Folcloric TARA VRANCEI,http://ansamblultaravrancei.ro/
663,,https://casadeculturarezina.wordpress.com/2012/06/22/ansamblul-popular-de-cintece-si-dansuri-floricica-din-orasul-rezina/,ERROR:Remote end closed connection without response
664,"Ansamblul ''Hopârteanca'', locu I la secțiunea coregrafică la un festival organizat la Ocna Mureș",https://www.primariahopirta.ro/noutati/51-ansamblul-hoparteanca-locu-i-la-sectiunea-coregrafica-la-un-festival-organizat-la-ocna-mures
665,Ansamblul Folcloric Ördögtérgye – Casa de Cultura a Studentilor Cluj-Napoca,http://ccscluj.ro/portfolio_page/ansamblul-folcloric-ordogtergye/?lang=en
666,"Seven Club (Bistrita, Romania): Address - Tripadvisor",https://en.tripadvisor.com.hk/Attraction_Review-g315904-d6226889-Reviews-Seven_Club-Bistrita_Bistrita_Nasaud_County_Northwest_Romania_Transylvania.html
667,In gradina ce cu flori by Ioan Bocsa si Ansamblul Icoane on Amazon Music - Amazon.co.uk,https://www.amazon.co.uk/In-gradina-ce-cu-flori/dp/B0789P2BL2
668,Mândrii Românași - Despre noi,http://www.mandriiromanasi.es/
669,Curs De Dans Popular at Ansamblul Folcloric Bihorul,https://allevents.in/events/curs-de-dans-popular/200017947187935
670,coala Popular De Arte Tudor Jarda Cluj - ANSAMBLUL FOLCLORIC “VATR DE DOR”,https://www.scoaladearte.ro/20150324ansamblul-folcloric-vatra-de-dor.html
671,Dans Popular,https://tr-cam.com/tr/dans+popular
672,CTP Cluj-Napoca - Home,http://ctpcj.ro/index.php/en/
673,Ansamblul Jilăveanca - promotor al folclorului românesc și al identității naționale - Creatori de educație,https://www.creatorideeducatie.ro/concurs/ansamblul-jilaveanca-promotor-al-folclorului-romanesc-si-al-identitatii-nationale/
674,Infotag,http://www.infotag.md/photo-of-the-day/774256/
675,Despre noi – Baladele Deltei Tulcea,https://baladeledelteitulcea.ro/despre-noi/
676,Ansamblul Ciprian Porumbescu | Orașul SUCEAVA,https://orasulsuceava.ro/descopera/arta-si-cultura/ansambluri/ansamblul-ciprian-porumbescu/
677,,https://amdarcusul.wordpress.com/about/,ERROR:Remote end closed connection without response
678,Ansamblul Popular de Stat din Ungaria - Zilele Culturale Maghiare din Cluj - Editia a 10-a,https://magyarnapok.ro/2019/ro/events/event/ansamblul-popular-de-stat-din-ungaria/
679,Ansamblul Burnasul - Centrul Judeţean de Conservare şi Promovare a Culturii Tradiţionale Teleorman,http://www.culturateleorman.ro/ansamblul-burnasul/
680,Ansamblul Naţional Secuiesc Harghita ,https://hargitatanc.ro/ro
681,,https://www.culturasalaj.ro/categoriiactivitati/6/Ansamblul-Folcloric-Mesesul.html,ERROR:HTTP Error 406: Not Acceptable
682,Ansamblul Artistic „Ciocârlia” va susţine spectacolul folcloric „Mugur de cântec românesc” – MINISTERUL AFACERILOR INTERNE,https://www.mai.gov.ro/ansamblul-artistic-ciocarlia-va-sustine-spectacolul-folcloric-mugur-de-cantec-romanesc/
683,"Românii au talent, sezonul #9suprem, ediția numărul 5: Ansamblul de dansuri popular Ciocârlia | Romanii Au Talent | ProTv",https://lamaruta.protv.ro/stiri/romanii-au-talent-sezonul-9suprem-editia-numarul-5-ansamblul-de-dansuri-popular-ciocarlia.html
684,#Dansatorilaceremonii tagged photos and videos - Instagram Viewer - Imglade,https://imglade.com/tag/dansatorilaceremonii
685,"Casa Ema (Bistrita, Romania): Hours, Address - Tripadvisor",https://www.tripadvisor.co.nz/Attraction_Review-g315904-d12930336-Reviews-Casa_Ema-Bistrita_Bistrita_Nasaud_County_Northwest_Romania_Transylvania.html
686,"Casa de Cultură a Sindicatelor ""Nicolae Iorga"" Botoşani – Inscrieri curs de dans popular pentru Ansamblul „Margineanca”",https://www.ccsbotosani.ro/inscrieri-curs-de-dans-popular-pentru-ansamblul-%E2%80%9Emargineanca/
687,        FACULTY OF MUSIC | Department of Composition | University of Belgrade    ,https://www.fmu.bg.ac.rs/en/katedra_za_kompoziciju_i_orkestraciju.php
688,Dans Popular Prof. Voicila - Palatul Copiilor Pitesti,https://palatulcopiilorpitesti.ro/avada_portfolio/dans-popular-prof-voicila/
689,Biroul Relaţii Interetnice,http://www.bri.gov.md/index.php?pag=noutati&opa=view&id=241&start=340&l=%3Cbr
690,Poenari Castle - Wikipedia,https://en.wikipedia.org/wiki/Poenari_Castle
691,Primaria Comunei Teliu,http://www.primariateliu.ro/ansamblul_folcloric_cetatuia
692,Ansam­blul de Dansuri „Trei Scaune” - Teatre - Covasna,https://visitcovasna.com/places/ansam-blul-de-dansuri-trei-scaune-mz__k_ydimrfwa
693,Museum Island | visitBerlin.de,https://www.visitberlin.de/en/museum-island-in-berlin
694,Colective de dansatori - Joc,http://moldovenii.md/md/people/52
695,Troupe de danse moldave VATRA - La Fantaisie Danse,https://lavieenmouvement.com/troupe-de-danse-moldave-vatra/
696,Ansamblul de dansuri populare „Plaiuri argesene”  | Casa de Cultura a Sindicatelor Pitesti,http://www.ccspitesti.ro/ansamblul-folcloric
697,Festivalul Catalina 2018 | Palatul Copiilor Iasi,https://palatulcopiiloriasi.ro/stiri-si-evenimente/festivalul-catalina-2018/
698,Despre noi - mladiteargesene.simplesite.com,http://mladiteargesene.simplesite.com/
699,Luciana Spînu - Batistuța  ( Official Video 2018 ) bedava video indir müzik,http://www.videomuzik.biz/video/luciana-sp%C3%AEnu-batistu%C8%9Ba-official-video-hd-w5p4e3s3c5i4p476x206n3.html
700,Robot Check,https://www.amazon.com/Doina-Lui-Remus-Bistri%C8%9Ba/dp/B06Y2CKRTZ
701,Sergiana Grup | Ansamblul Sergiana,https://www.sergianagrup.ro/ansamblul-sergiana
702,"  Funcții contractuale – Ansamblul Artistic Profesionist „Constantin Arvinte"" al Consiliului Județean Iași",http://posturi.gov.ro/post/functii-contractuale-9-ansamblul-artistic-profesionist-constantin-arvinte-al-consiliului-judetean-iasi/
703,,https://primariasacalaz.ro/?dl_id=21,ERROR:'NoneType' object has no attribute 'text'
704,Ansamblul BUSUIOCUL - ambasador al folclorului românesc | Deșteptarea- Ziarul Bacăului,https://www.desteptarea.ro/ansamblul-busuiocul-ambasador-al-folclorului-romanesc/
705,"  VIDEO: Ansamblul Mândrii Românași din Spania promovează dansul popular, portul și cultura românească",http://www.radioromanul.es/noutati/video-ansamblul-mandrii-romanasi-din-spania-promoveaza-dansul-popular-portul-si-cultura-romaneasca/
706,Dansatorii din ansamblul de cantec si dans popular,https://phuketnews.easybranches.com/Popular/5814383
707,Noi ”cătane” în Ansamblul Artistic al Armatei - Trustul de Presa al Ministerului Apararii Nationale,http://presamil.ro/noi-catane-ansamblul-artistic-al-armatei/
708,Feeria Dansului Popular - Oltenesc - Ansamblul Artistic Cununa Carpatilor,http://www.ts-parfum.ru/video/WpQYt4MJZA4
709,,http://eb.progettomoses.it/maria-catering-mogosoaia.html,ERROR:'NoneType' object has no attribute 'text'
710,Sony xperia 1 ii pro,http://avaliefacil.com.br/udf6v/sony-xperia-1-ii-pro.html
711,Si5351 tcxo,http://api.dinar.tj/zu8/si5351-tcxo.html
712,,http://ab.missaleromanum.it/aeroport-otopeni.html,ERROR:'NoneType' object has no attribute 'text'
713,Projects & Construction V | SkyscraperCity,https://www.skyscrapercity.com/threads/projects-construction-v.602857/
714,„Sărbătoarea Sânzienelor“ la ediţia cu numărul 41 | Glasul Aradului,https://www.glsa.ro/sarbatoarea-sanzienelor-la-editia-cu-numarul-41/
715,"Centrul pentru Cultura si Arte ""Carmen Saeculare"" Neamt",http://www.culturaneamt.ro/
716,,http://launch.mindstuff.biz/dcox/rascruci-jud-cluj.html,ERROR:HTTP Error 503: Service Unavailable
717,B0111 toyota,http://estatespk.com/tac65x/b0111-toyota.html
718,,http://ccrj.lampedusasiamonoi.it/fintina-arteziana-arad.html,ERROR:HTTP Error 404: Not Found
719,"Riana şi Andra, două surori pasionate de muzică: „Nu există zi în care să nu fredonăm o melodie” (video)",https://renasterea.ro/riana-si-andra-doua-surori-pasionate-de-muzica-nu-exista-zi-in-care-sa-nu-fredonam-o-melodie-video/
720,Facebook jidvei,http://stag.managed.center/z4ytgjjz/facebook-jidvei.html
721,Acasă - Ansamblul Constantin Arvinte,https://ansamblul-cjiasi.ro/
722,,http://jlmt.paolavocalsound.it/piatra-soimului-jud-neamt.html,ERROR:HTTP Error 404: Not Found
723,"Moștenirea lui Obama | RFI România: Actualitate, informaţii, ştiri în direct",https://www.rfi.ro/politica-92441-mostenire-obama
724,Casa de cultura a studentilor Sibiu - Formatii - Ardealul,http://www.casastudentilorsibiu.ro/ardealul.php
725,,https://thegopwatch.com/jpaybq/njfm.php?jn=tiberiu-pop-arabesque,ERROR:Remote end closed connection without response
726,Rezultate promitatoare ale primului vaccin pentru COVID-19 testat in SUA,https://ziare.com/viata-sanatoasa/vaccin/rezultate-promitatoare-ale-primului-vaccin-pentru-covid-19-testat-in-sua-1611762
727,Cum te poate ajuta promovarea SEO - Ziarul de mures,https://www.ziaruldemures.ro/cum-te-poate-ajuta-promovarea-seo/
728,SGU Ploiesti  isi va cumpara o masina pentru marcaje rutiere - InfoPloiestiCity,http://infoploiesticity.ro/administratie/4404-sgu-ploiestiisi-va-cumpara-o-masina-pentru-marcaje-rutiere.html
729,A fost inaugurat Muzeul Naţional Brătianu | Curierul zilei,https://curier.ro/2020/05/25/a-fost-inaugurat-muzeul-national-bratianu/
730,"E scris în stele - luni, 25 mai 2020 - Stiri din judetul Hunedoara",https://www.replicahd.ro/e-scris-in-stele-luni-25-mai-2020/
731,"Liga a 4-a / Înainte de toate, Venus merită respect!",https://arenamedia.ro/index.php/arena-sport-mp/fotbal-mp/liga-a-iv-a-mp/liga-a-4-a-inainte-de-toate-venus-merita-respect
732,,http://candelaeventi.it/atwm/semne-satanice-cu-mana.html,ERROR:HTTP Error 404: Not Found
733,"Eveniment - Stiri din Mures, Stiri Targu mures - Liderul presei muresene",https://www.zi-de-zi.ro/categorie/eveniment/
734,"Activiști, selectori neautorizați, miniștri și gunoieri. Cum luptă capitala Macedoniei de Nord cu gunoaiele - Portal de știri",https://albasat.md/activisti-selectori-neautorizati-ministri-si-gunoieri-cum-lupta-capitala-macedoniei-de-nord-cu-gunoaiele/
735,Tabla lindab pret m2,http://shop.tnovin.com/x06keeul/tabla-lindab-pret-m2.html
736,TikTok,https://www.tiktok.com/music/Freak-Show-6777749985233471489
737,,https://monitorulneamt.ro/ce-speculeaza-nelegiuitii-in-escrocheria-accidentul/,ERROR:<urlopen error [SSL: CERTIFICATE_VERIFY_FAILED] certificate verify failed: certificate has expired (_ssl.c:1108)>
738,Instituţia Publică ANSAMBLUL NAŢIONAL ACADEMIC DE DANSURI POPULARE JOC - Biroul Istoriilor De Credit - Infodebit,https://www.infodebit.md/?info_biz=1&idnp=1003600165088
739,Kurnik din clătite cu pui și ciuperci este regele plăcilor. Cum să gătești clătite de pui cu pui și ciuperci.,https://ro.food-of-dream.com/publication/26559/
740,"De marti, se redeschid muzeele",https://www.ziarelive.ro/stiri/de-marti-se-redeschid-muzeele.html
