http://associazione-culturale.it/contatti-associazione-culturale/,Contatti - Associazione culturale,1
http://associazione-culturale.it/contatti-associazione-culturale/,Contatti - Associazione culturale,2
http://associazione-culturale.it/contatti-associazione-culturale/,Contatti - Associazione culturale,3
http://associazione-culturale.it/contatti-associazione-culturale/,Contatti - Associazione culturale,4
http://associazione-culturale.it/contatti-associazione-culturale/,Contatti - Associazione culturale,5
http://associazione-culturale.it/contatti-associazione-culturale/,Contatti - Associazione culturale,6
http://associazione-culturale.it/contatti-associazione-culturale/,Contatti - Associazione culturale,7
http://associazione-culturale.it/contatti-associazione-culturale/,Contatti - Associazione culturale,8
http://associazione-culturale.it/contatti-associazione-culturale/,Contatti - Associazione culturale,1
http://www.associazionecontatti.it/chi-siamo/,Chi siamo – Associazione Contatti,2
http://www.arcistrauss.it/contatti/,,3,ERROR:timed out
http://associazioneculturaleleoasi.blogspot.com/p/contatti.html,Associazione Culturale Le Oasi: Contatti,4
http://www.associazionegioiapura.it/dove_siamo.html,Dove Siamo e Contatti | Associazione Culturale Gioia Pura Roma Trastevere - ASSOCIAZIONE CULTURALE GIOIA PURA ,5
https://www.teatrola.it/contatti.html,Associazione Culturale Teatrolà [Contatti],6
http://www.associazioneplana.it/contatti/,Contatti | Associazione Culturale Plana Milano,7
http://www.euritmica.it/contatti/,,8,ERROR:timed out
https://www.ipertesto.org/contatti/,contatti – Associazione culturale Ipertesto,9
http://www.thesis-pn.it/contatti,Contatti Thesis Associazione Culturale,10
https://www.gaia-biella.com/contatti/,Contatti - Associazione Culturale GAIA,11
http://www.associazioneculturaleilponte.it/contatti/,Contatti | Associazione Culturale Il Ponte,12
https://ilponteassocultura.org/contatti/,Contatti – Il Ponte | Associazione Culturale,13
https://associazioneculturalemedea.com/contatti/,Contatti - Associazione Culturale Medea,14
http://www.associazioneculturalemediterraneo.com/sp/contatti/,Associazione Culturale Mediterraneo  » Contatti,15
https://www.puppenfesten.it/contatti/,Contatti | Associazione Culturale Puppenfesten,16
http://www.associazioneculturalevan.it/contatti/,Contatti – Associazione Culturale Van,17
http://www.acitbari.it/contatti/,Contatti – ACIT Bari – Associazione Culturale Italo-Tedesca,18
http://www.associazioneculturalearte.com/it/contatti_e_segreteria.php,Associazione Culturale Arte,19
https://a-sdo.org/contatti/,Contatti | Associazione Culturale Silvia Dell'Orso,20
https://www.dotart.it/contatti/,Contatti | dotART – Associazione Culturale – Trieste,21
http://www.associazionealighieri.it/contatti/,Contatti - Associazione Culturale Dante Alighieri,22
https://www.nartea.com/contatti/,Contatti - Nartea - Associazione Culturale Napoli,23
https://www.associazionescarti.com/contatti/,Associazione culturale Scarti |Contatti,24
http://www.radicondoliarte.org/contatti/,Contatti | Associazione Culturale Radicondoli Arte,25
https://www.arteyoga.it/contatti,Contatti — Associazione Culturale Artè,26
http://www.arkadiis.it/IT/contatti.xhtml,Contatti - Associazione Culturale Arkadiis,27
https://www.artuassociazione.org/it/contatti,CONTATTI | Art-U - Associazione Culturale,28
https://www.delloscompiglio.org/it/cultura/associazione-culturale-01/contatti-associazione-culturale.html,Contatti Associazione Culturale - Dello Scompiglio,29
https://www.associazrosminitrento.it/contatti/,"Contatti – Associazione Culturale ""Antonio Rosmini""",30
http://www.associazioneculturalescapriano.it/os/contatti/,Contatti – Associazione Culturale Scapriano,31
https://www.minelliana.it/contatti/,CONTATTI – Associazione Culturale Minelliana,32
http://associazionebrancaccio.it/contatti,Contatti - Associazione Culturale Mario Brancaccio,33
http://www.fonopoli.it/contatti/,Contatti - Associazione Culturale Fonopoli,34
http://www.assoculturasardapesaro.it/contatti/,Associazione Culturale Sarda   –  Contatti,35
http://www.retropoplive.it/info-contatti-0,INFO & CONTATTI | Retropop Live,36
https://akropoliscultura.oneminutesite.it/contatti.html,CONTATTI - Associazione Culturale Akropolis ,37
https://www.molinorosenkranz.it/contatti/,Contatti | Molino Rosenkranz,38
https://www.comune.vigevano.pv.it/contenuti/pagine/servizi-sociali/le-associazioni,Le Associazioni (elenco e contatti) — Comune di Vigevano,39
http://www.humanbeings.it/contatti/,Contatti - Human Beings - Associazione culturale Smascherati!,40
https://www.associazioneculturaledemos.it/contents.asp?id=164&titolo=Contatti,Contatti: Associazione Culturale Demos,41
https://www.ilprismatrivero.it/contact-3-2/,Contatti Biennale – Associazione Culturale Il Prisma,42
https://www.associazioneazimut.net/contatti-3/,Contatti - Associazione Culturale Azimut,43
https://lalunanuova.it/contacts/,Contatti - Studio Ostetriche Associazione culturale,44
https://www.eduraduno.it/contatti/,CONTATTI - Associazione Culturale EduRaduno,45
http://parolario.it/Contatti,Contatti / Parolario - Associazione Culturale,46
http://www.jumpinweb.eu/contatti/,Contatti e recapiti dell'associazione culturale Jump In | Associazione culturale Jump In,47
http://www.dotmob.it/contatti/,WordPress › Installation,48
http://www.redphoenix.it/contatti,Contatti | Associazione Culturale Red Phoenix,49
http://www.ofcn15.com/contatti/,Contatti | Associazione Culturale Officina15,50
https://www.che-fare.com/contatti/,Contatti • cheFare,51
https://progettozeno.it/contatti,Associazione Culturale Zeno - Contatti,52
https://www.culturaesviluppo.it/?page_id=4,Contatti – Associazione Cultura e Sviluppo Alessandria,53
http://www.marioperrotta.com/contatti/,Contatti – Mario Perrotta,54
https://www.bangladesharezzo.com/contatti/,Contatti - Associazione Culturale del Bangladesh,55
http://www.inarteonline.com/contatti-6.html,Contatti - InArte - Associazione culturale. Forlì. Corsi e progetti di musica e musicoterapia,56
http://www.echidnacultura.it/contatti/,Echidna | Paesaggio Culturale - contatti,57
https://www.premiflaiano.com/287/contatti.html,Contatta l'Associazione Culturale Ennio Flaiano,58
http://www.qubitorino.it/contatti/,Contatti - Qubi- Quanto basta- Associazione culturale,59
https://comune.assemini.ca.it/vivere-assemini/associazioni/associazioni-culturali,Associazioni culturali | Comune di Assemini,60
http://www.labassa.org/it/contatti.html,Contatti - Associazione culturale 'la bassa',61
https://www.didasconline.it/contatti/,Contatti - Didasco - Associazione culturale,62
http://www.arbassociazioneculturale.it/1/contatti_1194275.html,CONTATTI | ARB associazione culturale,63
https://www.associazioneculturaleneon.it/contatti/,Contatti – Associazione Culturale Neon,64
https://www.messainmusica.org/contatti/,Contatti - Messa in Musica Associazione Culturale,65
https://www.bollaverdelive.it/contatti-recapiti-dell-associazione-culturale-bollaverde-live,Contatti e recapiti dell'Associazione Culturale Bollaverde Live,66
http://www.ipazia.org/contatti.html,Contatti - Ipazia - Associazione Culturale,67
https://www.labomilano.it/contatti/,contatti – LABò,68
https://www.effettonotte.it/contatti-associazione-culturale-casina/,Contatti - Associazione Culturale Effetto Notte,69
https://www.myitalianlanguageschools.com/richiesta-informazioni/roma/associazione-culturale-speakable.htm,Contatti Associazione culturale Speakable a Roma,70
https://www.triboo.org/contatti/,contatti | [[Associazione Culturale Tri-boo]],71
https://www.teatrodistinto.it/contatti/,Contatti - Associazione Culturale Teatrodistinto,72
http://teatrocaramella.it/contatti/,Contatti - Associazione Culturale Teatrale Cara...Mella,73
https://www.calicisottolestelle.it/contatti/,Contatti Associazione Culturale Cerillae,74
http://www.meditamondo.it/files/contatti.php,Contatti | Associazione Culturale Meditamondo Fano,75
https://www.domnia.it/contatti/,Contatti – Domnia Associazione Culturale,76
https://www.acarredamento.org/contatti/,Contatti | Associazione Culturale Arredamento,77
https://www.associazioneatria.it/contatti.php,Associazione Culturale Atria - Contatti,78
https://www.marefosca.it/contatti,Contatti | Marefosca | Associazione Culturale | Bologna,79
http://www.teatrortaet.it/index.php?p=contatti,Associazione culturale teatrOrtaet. CONTATTI,80
https://www.gammazita.it/contatti/,Contatti. | Gammazita | Associazione Culturale - Catania,81
https://www.discimus.it/contatti/,Associazione Culturale DiScMuS: Contatti,82
https://www.victorialanguageandculture.it/wp-content/uploads/2019/10/45b_informativa_contatti_sito.pdf%22,,83,ERROR:'NoneType' object has no attribute 'text'
https://scarti.wordpress.com/contatti/,,84,ERROR:Remote end closed connection without response
https://www.associazioneculturaledigattinara.it/contatti/,Associazione Culturale di Gattinara - Contatti,85
https://www.assitcn.org/home/contatti/,Contatti - Associazione Culturale Italo-Cinese 意中文化交流协会,86
http://www.filieradarte.eu/contatti/,Contatti - Filieradarte - Associazione culturale,87
http://www.macapa.it/contatti/,Contatti | Associazione Macapà,88
https://choracultura.it/contatti/,Contatti - Chôra Associazione Culturale,89
http://www.associazionesandropertini.it/contatti/,Contatti | Associazionesandropertini.it – Il sito web dell'Associazione culturale Sandro Pertini Abruzzo. Siamo a San Giovanni Teatino (Chieti) in viale Amendola 94/c.,90
https://www.associazioneblowup.it/contatti,  Contatti - Associazione culturale Blow Up,91
https://www.associazioneversante.it/?page=contatti,Associazione Culturale » Contatti ,92
http://www.associazioneculturalelavisana.it/public/?page_id=20,,93,ERROR:HTTP Error 999: AW Special Error
https://www.puntodonna.it/contatti-2.html,Contatti | Puntodonna Forlì :: Associazione Culturale,94
https://cittanascosta.it/contatti/,Città Nascosta - Contatti,95
https://www.arsdivina.it/contatti,Contatti | ARS DIVINA ETS - Associazione Culturale,96
http://www.tedxbergamo.com/contatti/,Contatti - TEDxBergamo,97
http://www.ac-melos.com/contatti/,Associazione Culturale Melos |   Contatti,98
http://symphoniae.it/contatti/,CONTATTI - Associazione Culturale Orchestra Giovanile Symphoniae,99
https://www.ilcenacolodeiviaggiatori.it/contatti/,CONTATTI | Il Cenacolo dei Viaggiatori Associazione Culturale,100
http://www.godegomusica.com/info---contatti.html,Info & contatti - Associazione culturale 'Godego Musica',101
https://www.acsg.it/contatti/,Contatti - ACSG Associazione Culturale Studi Grafici,102
http://www.cortoefieno.it/it_IT/home/info/contatti,"Associazione Culturale Asilo Bianco Ameno, Festival Corto e Fieno: contatti",103
https://hamelin.net/contatti-hamelin/,Hamelin |   CONTATTI,104
https://e-ikon.it/contatti/,Contatti | Eikon Associazione Culturale,105
http://www.umanaavventuraseregno.com/contatti.html,Contatti | Associazione culturale l'Umana Avventura,106
http://www.associazionemalik.it/contatti-malik/,Contatti | Associazione Malik,107
https://www.elitropia.org/it_IT/contatti/,Contatti – Associazione Culturale Elitropia,108
http://assoculturalevigne.altervista.org/contatti.html,Contatti - Associazione Scuola Elementare Vigne,109
https://www.associazioneculturaledioniso.it/contatti/,Contatti - Associazione Culturale Dioniso,110
https://www.learnandplay.education/contatti/,Contatti  |  Associazione Culturale Learn and Play,111
http://www.ellipsismusica.it/la-associazione/contatti,Contatti | Associazione Culturale Musicale Ellipsis,112
http://www.associazioneculturalestellaalpina.org/contatti-2/,Associazione Culturale Stella Alpina |  » contatti,113
https://www.associazioneartea.com/contatti/,Contatti - Artea Associazione Culturale,114
https://www.musikademia.it/_contatti/,Contatti | Associazione Culturale Musikademia,115
http://www.comune.sedegliano.ud.it/index.php?id=39255,Contatti - Comune di Sedegliano,116
http://www.lanottoladiminerva.it/wp/contatti/,CONTATTI | La Nottola di Minerva | Associazione Culturale,117
http://www.kangourou.it/contatti.asp,Contatti,118
https://www.actistrieste.org/contatti/,Contatti | ACTIS - Associazione Culturale Teatro Immagine Suono,119
http://www.associazioneculturaleamaltea.it/?page_id=143,Contatti Amaltea – Associazione Culturale Amaltea,120
http://www.ypsigrock.it/contatti/,Contatti - Ypsigrock Festival 2020,121
https://www.stromata.org/contatti/,Contatti | Associazione culturale Stromata,122
http://www.asilobianco.it/it_IT/home/contatti,"Associazione Culturale Asilo Bianco, Ameno - Contatti",123
http://www.maptorino.com/contatti/,Contatti - Map Associazione Culturale,124
http://www.associazioneberlin.com/contatti/,Contatti – Associazione Culturale Isaiah Berlin,125
https://oblorho.it/contatti/,Contatti – Associazione Culturale Oblò,126
http://www.fantateatro.it/contatti/,Contatti | Fantateatro,127
http://www.fujikai.it/html/contatti.html,,128,ERROR:HTTP Error 999: AW Special Error
https://jazzrefound.it/2019/contatti/,Contatti | Jazz:Re:Found,129
http://www.eccher.it/Contatti.html,Associazione Culturale Monsignor Celestino Eccher - Smarano - Contatti,130
https://www.galfer20.org/contatti/,Galfer20 Associazione Culturale - Contatti,131
https://www.vivilarno.it/contatti-vivi-l-arno,Contatti - Vivi l'Arno | Associazione culturale 2019,132
http://www.ukigumo.it/contatti/,Contatti - Associazione Culturale Giappone,133
https://www.giapponeinitalia.org/contatti/,Contatti - Giappone in Italia,134
https://controchiave.it/contatti-3/,Contatti | Associazione Culturale Controchiave,135
http://www.viaandante.it/index.php/contatti-2/,Contatti | Via Andante – Associazione Culturale,136
http://www.bolognachapter.it/contatti/,Contatti | HOG - Bologna Chapter,137
https://associazioneculturalearcadia.com/contatti/,Contatti | Arcadia Associazione Culturale,138
http://www.villaggiocrespi.it/crespidadda/contatti/,Contatti | Villaggio Crespi d'Adda,139
https://www.sarabanda-associazione.it/contatti/,Contatti ⋆ Associazione Sarabanda Impresa Sociale,140
https://associazioneamigdala.it/contatti,Contatti — Associazione Culturale Amigdala,141
https://www.artju.it/contatti/,Contatti – Associazione Culturale Artju,142
https://www.diablogues.it/contatti/,Contatti | Diablogues Associazione Culturale,143
http://www.fonderieculturali.org/contatti.php,Fonderie Culturali - contatti - associazione culturale salerno,144
https://www.cortonaonthemove.com/contatti/,Contatti - Cortona On The Move,145
https://www.lelastiko.it/contatti.html,Contatti - Lelastiko - Associazione culturale Brescia - danza contemporanea - contact improvisation,146
http://www.jazznetwork.it/contatti/,Contatti - Jazz Network Associazione Culturale,147
http://www.associazione-culturale-eventi.org/contatti/,Contatti – Eventi Associazione Culturale,148
https://ivipro.it/it/contatti/,Contatti – IVIPRO,149
http://www.romasinfonietta.it/contatti/,Contatti – Roma Sinfonietta,150
http://wepesto.it/contatti/,Wepesto Associazione Culturale | Contatti,151
https://www.brunoboni.it/contatti/,Associazione Culturale Bruno Boni - CONTATTI,152
http://www.ottagonocodroipo.it/contatti/,Contatti - Ottagono Codroipo,153
http://teatrocanalemonterano.weebly.com/contatti.html,CONTATTI,154
http://www.associazionemusicaoggi.it/index.php/associazione/contatti,Contatti,155
https://www.inormanniasalerno.com/contatti/,Contatti – Associazione culturale Temistocle Marzano,156
https://associazioneamorepsiche.org/contatti/,Contatti - Associazione Culturale Amore e Psiche,157
http://lebrac.org/contatti/,Contatti – Associazione Culturale Lebrac,158
https://www.citynow.it/locali/archivio/associazione-culturale-incontriamoci-sempre/,Associazione Culturale Incontriamoci Sempre - Info e Contatti,159
https://www.granbaltrad.it/wp/contatti/,Contatti – Gran Bal Trad – Vialfrè,160
https://www.ilcentropilates.it/contatti/,"Contatti – A.C.S.D. Mente e Corpo – Il Centro J.H. PILATES Roma – Associazione Culturale –  ""MENTE E CORPO""",161
https://exfabbricadellebambole.jimdo.com/contatti/,exfabbricadellebambole - Contatti - Coaching per artisti. exfabbricadellebambole è un'associazione culturale di formazione e orientamento di artisti esordienti.,162
http://www.associazionewimbledon.it/contatti/,Contatti - Wimbledon,163
http://www.accentofiorini.org/contatti/,Contatti | .: Associazione Culturale Centofiorini :.,164
https://www.premiopoesiamassa.it/contatti/,"Contatti Segreteria Associazione Culturale “Versilia Club”, Massa (MS)",165
https://www.naonis.org/contatti/,Associazione Culturale Naonis |   Contatti,166
https://www.associazioneculturalefasu.it/contatti/,Contatti :: Associazione culturale Onlus  fotografi artisti F.A.S.U,167
https://www.sancostanzoshow.com/contatti/,Contatti - San Costanzo ShowSan Costanzo Show,168
https://www.testimonianzeonline.com/la-rivista/sede-e-contatti/,Sede e contatti | Testimonianze,169
http://www.festivaldelmedioevo.it/portal/contatti/,Contatti – Festival del Medioevo,170
https://www.poerioweb.it/?page_id=46,Contatti – Associazione culturale Alessandro Poerio,171
http://associazioneculturaleloano.it/contatti/,Contatti | Associazione Centro Culturale Polivalente Loano,172
https://effettolarsen.it/en/contatti/,Contacts – Effetto Larsen,173
http://www.yogarmonia.it/it/associazione-culturale-armonia-yogarmonia-yoga-noale-ve-rustega-di-camposampiero-oasiarmonia/,Dove siamo - Contatti - Yogarmonia,174
https://www.leggeredonna.it/ordini-e-contatti/,Ordini e contatti - Associazione Culturale Leggere Donna - Luciana Tufani Editrice,175
http://postcardsitaly.it/articolo.asp?articolo=363&lang=IT,I contatti di Associazione Culturale Postcards,176
https://www.arcobaleno96.org/info-e-contatti,Info e contatti | Associazione Culturale Arcobaleno 96,177
http://www.nonsolocomics.it/contatti,Contatti - Pistoia Non Solo Comics 2021,178
http://www.associazioneculturalekaleido.com/contact/,Associazione Culturale Kaleido  » Contatti – Feedback,179
http://www.polifonie.it/contatti/,Contatti – Associazione Culturale Polifonie,180
http://www.museodelmarepalermo.it/htm/contatti.html,"Contatti - Associazione Culturale ""Museo del Mare e della Navigazione Siciliana «Florio»""",181
http://www.teatrobertoltbrecht.it/contatti.html,Teatro Bertolt Brecht Formia - Contatti,182
https://clementinaborghi.it/contatti/,Contatti – Associazione culturale Clementina Borghi,183
https://www.latofa.it/contatti.php,Associazione culturale  La Tofa - Contatti,184
http://venetojazz.com/contatti/,Contatti - Veneto Jazz,185
http://www.associazionecircocontemporaneo.it/contatti/,Contatti - Associazione Circo Contemporaneo Italia,186
https://www.associazionebueno.it/contatti/,Associazione Culturale Bueno / Contatti - Associazione Culturale Bueno,187
https://www.associazioneculturaleinasia.it/contatti/,Associazione Culturale InAsia » Contatti,188
http://www.associazionecartabianca.it/contatti,Associazione Culturale CartaBianca | Contatti,189
https://www.associazioneartemide.org/contatti/,Contatti - Associazione Artemide,190
http://www.artespettacolo.it/chi-siamo-e-contatti.html,,191,ERROR:HTTP Error 999: AW Special Error
http://www.dictatumdiscere.it/contatti.php,Contatti - Dictatum Discere - Associazione culturale - Cagliari,192
http://www.ah-um.it/contatti/,Contatti,193
https://www.regione.marche.it/Regione-Utile/Cultura/Istituzioni-e-Associazioni-Culturali,Istituzioni e Associazioni Culturali,194
http://www.ballettocivile.org/it/contatti/,Contatti – Balletto Civile,195
http://www.associazioneculturaleunicorn.it/contatti/,Contatti | Associazione Culturale Unicorn,196
http://www.lesillabe.it/contatti/,LeSillabe Associane Culturale e Compagnia Teatrale a Torino | Contatti,197
https://www.ilpiccoloprincipeweb.it/contatti,Contatti - Associazione Il Piccolo Principe,198
http://www.khorakhanet.it/contatti/,Contatti | Associazione Khorakhanè e Laboratorio Culturale I'M,199
http://www.yowras.it/?q=node/17,Contatti |     Associazione culturale YOWRAS Young Writers & Storytellers,200
http://www.carmebrescia.it/contatti,Contatti - Carme,201
http://www.mirabiliaurbis.cloud/,Mirabilia Urbis – Associazione culturale,202
http://www.piazzadelmondo.it/wp/contatti,CONTATTI | Associazione Culturale Piazza del Mondo,203
http://www.indipendance.org/contatti/,Contatti | Associazione Culturale Indipendance,204
http://www.associazionerumes.com/contatti.html,,205,ERROR:HTTP Error 999: AW Special Error
https://www.imperiamusicale.it/contatti/,Contatti | Associazione Culturale Imperia Musicale,206
https://sicilia-giappone.it/mn/index.php/contatti/,Contatti – Associazione Culturale Sicilia-Giappone,207
http://www.mestremia.it/contatti/,"Contatti | Mestre MIA Associazione culturale | Mestre, VE",208
https://www.battei.it/contatti/,"Contatti - Associazione culturale ""Luigi Battei""",209
http://www.associazionegemini.it/contatti/,Contatti | Associazione Culturale Gemini,210
http://www.associazionepericle.it/contatti/,Contatti | Associazione Culturale Pericle,211
https://www.artetra.it/contatti/,Contatti - ArtetrA Associazione Culturale Arte,212
https://www.scuolatrepuntozero.eu/contatti/,Contatti - Associazione Culturale Scuola 3.0,213
https://www.gruppoyogaforlimpopoli.it/contatti/,Contatti | Associazione Culturale ATMAN,214
https://digilander.libero.it/ass_ilrinoceronte/contatti.html,Contatti - Associazione culturale Il Rinoceronte,215
https://www.gulliverinternational.org/contatti.html,Contatti - Associazione Culturale Gulliver International,216
http://www.lanottedellestreghe.org/contatti-footer,Contatti - La Notte delle Streghe,217
https://www.officina.pg.it/officina/contatti,Contatti | ASSOCIAZIONE CULTURALE L'OFFICINA MUSICALE,218
http://www.associazionegaia.net/contatti/contatti.htm,Associazione culturale GAIA: Contatti,219
https://www.casafox.it/contatti.html,,220,ERROR:HTTP Error 999: AW Special Error
http://www.vinylistic.it/contatti/,Contatti - Associazione Culturale Vinylistic,221
http://www.associazionemusicalepozzoli.com/contatti/,Contatti – Associazione Culturale Musicale Ettore Pozzoli,222
http://www.verzuoloacv.it/contatti.php,Contatti - Associazione Culturale Verzuolo,223
http://www.acgmobydick.it/contatti/,"Contattaci - Associazione Culturale Giovanile ""Moby Dick""",224
http://cimbridelcansiglio.it/contatti/,Contatti - Cimbri del Cansiglio,225
https://www.traattori.it/contatti/,Contatti | Associazione culturale Traattori,226
https://associazioneculturalemide.it/contatti/,Contatti | Associazione Culturale MiDe,227
https://associazioneculturalecalipso.com/contatti/,,228,ERROR:Remote end closed connection without response
https://www.teatropersona.it/contatti/,Contatti – Compagnia TeatroPersona,229
https://zagreo.it/contatti/,Contatti - Zagreo | Associazione Culturale,230
https://www.sandonatoinpoggio.it/contatti/,Contatti - ASSOCIAZIONE CULTURALE PRO LOCO SAN DONATO IN POGGIO (FI) - ITALIAASSOCIAZIONE CULTURALE PRO LOCO SAN DONATO IN POGGIO (FI) – ITALIA,231
http://fiativalisonzo.com/contatti/,Contatti – Associazione Culturale Musicale VAL ISONZO,232
https://associazionedecanto.com/contatti/,Contatti & Link - Associazione Culturale Decanto,233
https://www.cento4.it/,Associazione Culturale Cento4,234
http://www.associazionecetra.it/contatti/,Contatti | Associazione Cetra,235
https://www.edizionisinestesie.it/contatti/,  Contatti - Edizioni Sinestesie,236
https://www.villadolfinboldu.it/contatti/,Contatti – Associazione culturale villa dolfin boldu',237
https://www.fantalica.com/,Associazione Culturale Fantalica - Cultura e Arte dell'Espressione,238
http://www.associazioneilsestante.com/contatti.html,"Contatti - Associazione Culturale Il Sestante - Trieste, Italy",239
https://www.laciambella.it/contatti/,"Contatti - Associazione Culturale ""La Ciambella""",240
http://www.russkijmir.org/index.php/it/contatti,Contatti,241
https://www.officinemongiovino.com/contatti/,Contatti - Associazione Culturale OFFICINE MONGIOVINO,242
http://www.teatrowannabe.it/contatti/,Contatti • Wannabe • Associazione Culturale,243
https://www.tripstep.it/it/contatti,Contatti | www.tripstep.it,244
http://www.pandoraweb.it/contatti.html,"Contatti - Corsi di Lingue. Viaggi, Pilates, Visite Guidate , Associazione Culturale Pandora Rho",245
http://www.comunicanima.com/contact/,Associazione culturale comunicanima Contatti,246
https://maredilibri.it/contatti/,CONTATTI – Mare di Libri,247
http://www.polentariditalia.it/index.php?option=com_content&view=article&id=15&Itemid=112,Associazione Culturale Polentari d'Italia - CONTATTI,248
http://www.associazionesettimocielo.it/contatti/,Contatti > Associazione Culturale Settimo Cielo,249
https://moebius.network/contatti/,Contatti – Associazione Culturale Möbius,250
https://www.dabetlemmeagerusalemme.it/contatti,Contatti,251
http://www.pennabillidjangofestival.com/italiano/contatti-e-info/,"Contatti e info – Pennabilli Django Festival – VIII edizione 27,28,29 dicembre 2019",252
https://www.bautta.it/contatti/,contatti - Cultura e Teatro - Associazione “La Bautta” - Bari,253
http://www.festivalfrancescano.it/contatti-stampa/,Festival Francescano 2019  Contatti stampa - Festival Francescano 2019,254
http://www.comuni-italiani.it/015/146/siti/societa_e_cultura.html,Lista Siti Milano: cultura e associazioni,255
http://www.ilgeranio.net/contatti/,Contatti | Associazione culturale   IL GERANIO,256
https://mamado.it/contatti/,Contatti - Mamado Associazione Culturale,257
http://www.looking4associazione.com/contatti-e-donazioni.html,Contatti e donazioni - Looking4 Associazione culturale,258
https://www.associazioneblume.it/contatti.html,Contatti - BLUME Associazione Culturale,259
https://www.principioattivoteatro.it/contatti/,Contatti – PRINCIPIO ATTIVO TEATRO,260
https://www.associazioneumanita.com/contatti/,,261,ERROR:HTTP Error 999: AW Special Error
https://izumimassa.com/contatti/,,262,ERROR:Remote end closed connection without response
https://www.moscerine.it/contact/,Contattaci - Le Moscerine - Associazione Culturale,263
http://www.musicacivica.it/contatti-3/,,264,ERROR:HTTP Error 999: AW Special Error
http://www.consonanze.net/contatti/,Contatti - Associazione Culturale Consonanze,265
https://www.associazionepuntidivista.it/contatti/,Contatti – Associazione Punti di vista,266
https://www.associazionelucciola.eu/contatti/,Contatti – Associazione Culturale Lucciola,267
https://www.quintaprima.it/contatti/,Contatti - Quintaprima Associazione Culturale,268
https://www.arte-mide.com/contatti/,Contatti - Associazione Culturale Arte-Mide,269
https://www.scenamadre.com/contatti/,Contatti - ScenaMadreScenaMadre,270
https://www.atbassociazioneculturale.com/contatti,Contatti | ATB Associazione culturale e galleria d'arte | Italia,271
https://www.motocontrario.it/contatti,Contatti | MotoContrario,272
http://www.associazionevincenzodeluca.com/Contatti.htm,,273,ERROR:HTTP Error 999: AW Special Error
http://parmafrontiere.it/contatti,ParmaFrontiere - Contatti,274
http://www.essivivono.com/contatti/,"Essi Vivono, Contatti - Associazione Culturale in Bergamo",275
http://www.larotondaonlus.org/index.php/contatti,Contatti,276
https://www.libellulalingue.com/italiano/contatti/,Associazione Culturale Libellula - Lingue a Mestre,277
https://www.teatronecessariogenova.org/tno-tda/contatti/,CONTATTI | Associazione Teatro Necessario,278
https://www.lacasadelladanza.it/contatti/,CONTATTI - Associazione Culturale La Casa della Danza,279
http://associazione.piuculture.it/contatti/,Contatti | Associazione Culturale Piuculture,280
https://art065.it/contatti/,Contatti - Associazione Culturale Art065 - Pesaro,281
http://www.associazioneyume.it/,,282,ERROR:HTTP Error 999: AW Special Error
http://sciaminoto.blogspot.com/p/contatti.html?m=1,Associazione Culturale Sciami - Eventi e attività culturali a Noto: Contatti,283
http://www.cambiapiano.com/contatti/page/34/,Contatti - ASSOCIAZIONE CULTURALE CAMBIAPIANO,284
http://www.magnoliarc.org/tag/contatti/,contatti Archivi - Associazione Culturale Magnolia,285
http://www.ilfrignanodeimontecuccoli.it/contatti/wppaspec/wo1/cv0/ab8/pt132,Contatti - Associazione culturale,286
http://www.festivaldeltirreno.com/it/contatti/,Contatti – Festival Del Tirreno @ Associazione Culturale I Have a Dream (PI),287
http://www.eventi.orientamenti.regione.liguria.it/promotore/associazione-culturale-contatti/,Associazione Culturale Contatti | OM 2020 Programma,288
http://www.tekhneteatro.com/home/contatti/?lang=en,,289,ERROR:HTTP Error 404: Not Found
http://www.ilsocialista.com/contatti.html,Associazione culturale Il Socialista - Contatti,290
https://www.misteridellastoria.com/contattaci/banner-contatti-1920x600/,Contattaci - Misteri della Storia - ACIMS - Milano Inf0,291
https://www.formazionedocenti.it/,Formazione Docenti – Associazione Mnemosine | Master e Corsi di Perfezionamento per Docenti,292
https://docplayer.it/122341421-R-n-cultura-associazione-culturale-programma-lezioni-e-corsi-contatti-alberto-valentina.html,R N CULTURA. Associazione Culturale. Programma lezioni e corsi. Contatti: Alberto Valentina - PDF Download gratuito,293
http://www.kangourou.it/,Pagina iniziale,294
https://www.arcitorino.it/,ARCI Torino,295
https://www.arci.it/,Home – Arci,296
https://www.dramatra.it/,Dramatrà - Città in Scena,297
https://www.aics.it/,,298,ERROR:<urlopen error [SSL: CERTIFICATE_VERIFY_FAILED] certificate verify failed: unable to get local issuer certificate (_ssl.c:1108)>
https://www.aikikai.it/,Pagina principale,299
https://www.centritalianews.it/chianciano-riaperto-il-museo-civico-archeologico-assessore-alla-cultura-rossana-giulianelli-importante-la-riapertura-del-museo-etrusco-per-favorire-la-ripresa-economica-oltre-che-culturale/,Chianciano: riaperto il Museo civico archeologico. Assessore alla cultura Rossana Giulianelli: “importante la riapertura del Museo etrusco per favorire la ripresa economica oltre che culturale” – Centritalia News,300
https://www.brindisioggi.it/a-mesagne-chiude-lassociazione-culturale-lalveare-non-solo-colpa-del-covid-ma-anche-della-politica-locale/,"A Mesagne chiude l'associazione culturale l'Alveare: ""Non solo colpa del Covid ma anche della politica locale"" - Brindisi Oggi, news Brindisi notizie Brindisi e provincia",301
https://www.telenicosia.it/lixada-porta-telefono-bici-gub-anti-slip-bicicletta-regolabile-supporto-per-il-manubrio-del-telefono-clip-stand-per-35-62-pollici-smart-mobile-phone/,"Lixada Porta Telefono Bici GUB Anti-slip Bicicletta Regolabile Supporto per il Manubrio del Telefono Clip Stand per 3,5-6,2 Pollici Smart Mobile Phone – TeleNicosia",302
https://www.telenicosia.it/bovon-porta-cellulare-supporto-smartphone-per-ipad-mini-supporto-telefono-regolabile-con-dock-solido-compatibile-con-iphone-11-pro-max-xs-max-xr-x-samsung-s20-plus-huawei-live-stream-e-altro/,"Bovon Porta Cellulare, Supporto Smartphone per iPad Mini, Supporto Telefono Regolabile con Dock Solido Compatibile con iPhone 11 PRO Max/XS Max/XR/X, Samsung S20 Plus, Huawei, Live Stream e Altro – TeleNicosia",303
https://www.espoarte.net/arte/acasatuttibene-vincenzo-rusciano-voglia-di-contatto/,"#acasatuttibene. VINCENZO RUSCIANO: voglia di ""contatto"" | Espoarte",304
http://www.icom-italia.org/,ICOM Italia: Il Comitato Nazionale Italiano di ICOM,305
https://www.esperonews.it/2020052311989/categoria-a-f/castelbuono/castelbuono-l-associazione-culturale-promomadonie-aderisce-alla-giornata-della-legalita-2020.html,"Castelbuono, l'Associazione Culturale Promomadonie aderisce alla “Giornata della Legalità 2020” - Esperonews: Giornale Termini Cefalù Madonie",306
http://www.marchespettacolo.it/posts/2020-05-25-formiche-la-playlist-di-gianluca-littera,marchespettacolo.it,307
https://www.arte.it/calendario-arte/napoli/mostra-sos-covid19-68315,SOS COVID19 - Mostra - Napoli - Sito web - Arte.it,308
https://www.centrometeoligure.com/,LIMET - Associazione Ligure di Meteorologia - LIMET,309
https://www.acrinews.it/2020/05/25/recuperiamo-il-nostro-multiforme-patrimonio-storico-culturale/,Recuperiamo il nostro multiforme patrimonio storico-culturale - Acri News.it,310
https://www.rpiunews.it/post/gli-artisti-abruzzesi-chiedono-a-marsilio-di-ripartire-una-data-certa.html,Gli artisti abruzzesi chiedono a Marsilio di ripartire...una data certa,311
https://www.madoniepress.it/2020/05/23/lassociazione-promomadonie-aderisce-alla-giornata-della-legalita-2020/,L'associazione Promomadonie aderisce alla “Giornata della Legalità 2020”,312
https://secolo-trentino.com/2020/05/25/la-scomparsa-dellapp-immuni-lennesimo-fallimento-di-stato/,L’app Immuni non è ancora pervenuta. Ennesimo fallimento di Stato | Secolo Trentino,313
https://www.sistemamusica.it/citta-torino/alla-rassegna-micron-il-premio-abbiati-siebaneck-2020-per-leducational/,Alla rassegna MICRON il Premio Abbiati-Siebaneck 2020 per l'educational | Sistema Musica,314
https://www.mandamentonotizie.it/covid-19-tornano-i-contagi-in-irpinia-domenica-2-nuovi-positivi/,"Covid-19, tornano i contagi in Irpinia: domenica 2 nuovi positivi - Mandamento Notizie - Le Notizie del mandamento Baianese",315
http://associazione-culturale.it/contatti-associazione-culturale/,Contatti - Associazione culturale,1
http://associazione-culturale.it/contatti-associazione-culturale/,Contatti - Associazione culturale,2
http://associazione-culturale.it/contatti-associazione-culturale/,Contatti - Associazione culturale,3
http://associazione-culturale.it/contatti-associazione-culturale/,Contatti - Associazione culturale,4
http://associazione-culturale.it/contatti-associazione-culturale/,Contatti - Associazione culturale,5
http://associazione-culturale.it/contatti-associazione-culturale/,Contatti - Associazione culturale,6
http://associazione-culturale.it/contatti-associazione-culturale/,Contatti - Associazione culturale,7
http://associazione-culturale.it/contatti-associazione-culturale/,Contatti - Associazione culturale,8
http://associazione-culturale.it/contatti-associazione-culturale/,Contatti - Associazione culturale,9
http://associazione-culturale.it/contatti-associazione-culturale/,Contatti - Associazione culturale,10
http://associazione-culturale.it/contatti-associazione-culturale/,Contatti - Associazione culturale,11
http://associazione-culturale.it/contatti-associazione-culturale/,Contatti - Associazione culturale,12
http://associazione-culturale.it/contatti-associazione-culturale/,Contatti - Associazione culturale,13
http://associazione-culturale.it/contatti-associazione-culturale/,Contatti - Associazione culturale,14
http://associazione-culturale.it/contatti-associazione-culturale/,Contatti - Associazione culturale,15
http://associazione-culturale.it/contatti-associazione-culturale/,Contatti - Associazione culturale,16
http://associazione-culturale.it/contatti-associazione-culturale/,Contatti - Associazione culturale,17
http://associazione-culturale.it/contatti-associazione-culturale/,Contatti - Associazione culturale,18
http://associazione-culturale.it/contatti-associazione-culturale/,Contatti - Associazione culturale,19
http://associazione-culturale.it/contatti-associazione-culturale/,Contatti - Associazione culturale,20
http://associazione-culturale.it/contatti-associazione-culturale/,Contatti - Associazione culturale,21
http://associazione-culturale.it/contatti-associazione-culturale/,Contatti - Associazione culturale,22
http://associazione-culturale.it/contatti-associazione-culturale/,Contatti - Associazione culturale,23
http://associazione-culturale.it/contatti-associazione-culturale/,Contatti - Associazione culturale,24
http://associazione-culturale.it/contatti-associazione-culturale/,Contatti - Associazione culturale,25
http://associazione-culturale.it/contatti-associazione-culturale/,Contatti - Associazione culturale,26
http://associazione-culturale.it/contatti-associazione-culturale/,Contatti - Associazione culturale,27
http://associazione-culturale.it/contatti-associazione-culturale/,Contatti - Associazione culturale,28
http://associazione-culturale.it/contatti-associazione-culturale/,Contatti - Associazione culturale,29
http://associazione-culturale.it/contatti-associazione-culturale/,Contatti - Associazione culturale,30
http://associazione-culturale.it/contatti-associazione-culturale/,Contatti - Associazione culturale,31
http://associazione-culturale.it/contatti-associazione-culturale/,Contatti - Associazione culturale,32
http://associazione-culturale.it/contatti-associazione-culturale/,Contatti - Associazione culturale,33
http://associazione-culturale.it/contatti-associazione-culturale/,Contatti - Associazione culturale,34
http://associazione-culturale.it/contatti-associazione-culturale/,Contatti - Associazione culturale,35
http://associazione-culturale.it/contatti-associazione-culturale/,Contatti - Associazione culturale,36
http://associazione-culturale.it/contatti-associazione-culturale/,Contatti - Associazione culturale,37
http://associazione-culturale.it/contatti-associazione-culturale/,Contatti - Associazione culturale,38
http://associazione-culturale.it/contatti-associazione-culturale/,Contatti - Associazione culturale,39
http://associazione-culturale.it/contatti-associazione-culturale/,Contatti - Associazione culturale,40
http://associazione-culturale.it/contatti-associazione-culturale/,Contatti - Associazione culturale,41
http://associazione-culturale.it/contatti-associazione-culturale/,Contatti - Associazione culturale,42
http://associazione-culturale.it/contatti-associazione-culturale/,Contatti - Associazione culturale,43
http://associazione-culturale.it/contatti-associazione-culturale/,Contatti - Associazione culturale,44
http://associazione-culturale.it/contatti-associazione-culturale/,Contatti - Associazione culturale,1
http://associazione-culturale.it/contatti-associazione-culturale/,Contatti - Associazione culturale,2
http://associazione-culturale.it/contatti-associazione-culturale/,Contatti - Associazione culturale,3
http://associazione-culturale.it/contatti-associazione-culturale/,Contatti - Associazione culturale,4
http://associazione-culturale.it/contatti-associazione-culturale/,Contatti - Associazione culturale,1
http://associazione-culturale.it/contatti-associazione-culturale/,Contatti - Associazione culturale,2
http://associazione-culturale.it/contatti-associazione-culturale/,Contatti - Associazione culturale,3
http://associazione-culturale.it/contatti-associazione-culturale/,Contatti - Associazione culturale,1
http://associazione-culturale.it/contatti-associazione-culturale/,Contatti - Associazione culturale,2
http://associazione-culturale.it/contatti-associazione-culturale/,Contatti - Associazione culturale,3
http://associazione-culturale.it/contatti-associazione-culturale/,Contatti - Associazione culturale,4
