https://www.arge-volkstanz.org/kontakt,Kontakt - Arbeitsgemeinschaft Volkstanz in Südtirol,1
https://www.arge-volkstanz.org/impressum,Impressum - Arbeitsgemeinschaft Volkstanz in Südtirol,2
https://volkstanz.st/impressum/,Impressum « ARGE Volkstanz Steiermark,3
https://volkstanz.st/kontakt/,Kontakt « ARGE Volkstanz Steiermark,4
https://www.volkstanz-tirol.at/kontakt/,Arbeitsgemeinschaft Volkstanz Tirol - Kontakt,5
https://volkstanzwien.at/termine/,Anstehende Veranstaltungen  – Volkstanz Wien,6
https://volkstanzwien.at/kontakt/,Kontakt – Volkstanz Wien,7
https://www.volkskulturnoe.at/no_cache/gruppe-detail/gruppe/volkstanzgruppe-brunn-am-gebirge/ansicht/detail.html,Volkstanzgruppe Brunn am Gebirge | Volkskultur NÖ,8
https://www.volkskulturnoe.at/tanz/volkstanzgruppen.html,Volkstanzgruppen | Volkskultur NÖ,9
https://steirische-volkskultur.at/arge-volkstanz-steiermark/,ARGE Volkstanz Steiermark - Steirische Volkskultur,10
